t,m0,m1,m2,m3,px,py,pz
0.012234910277324634,0.0,0.0,0.0,0.0,0.0,0.0,0.0
0.09787928221859707,0.0,0.0,0.0,0.0,-1.335199999985548e-05,7.630000000702353e-06,-0.0025336149999999336
0.1835236541598695,0.0,0.0,0.0,0.0,-0.00011825600000037184,6.580400000011366e-05,-0.0037862659999999826
0.26916802610114193,0.0,0.0,0.0,0.0,-0.00020027200000072298,9.632099999912214e-05,-0.005035459999999992
0.3548123980424144,0.0,0.0,0.0,0.0,-0.00039482100000043374,0.00014209799999953532,-0.007987379999999988
0.44045676998368677,0.0,0.0,0.0,0.0,-0.0005435949999998968,0.00016021699999946293,-0.00962615
0.5261011419249593,0.0,0.0,0.0,0.0,-0.0007095340000020656,0.00013351499999991745,-0.011509776000000027
0.6117455138662317,0.0,0.0,0.0,0.0,-0.0009021760000003098,0.00020313299999941137,-0.011697351999999994
0.697389885807504,0.0,0.0,0.0,0.0,-0.0011005399999994836,0.00011825600000037184,-0.014206528999999968
0.7830342577487766,0.0,0.0,0.0,0.0,-0.0012550359999998761,0.00016021699999946293,-0.014837443999999977
0.8686786296900489,0.0,0.0,0.0,0.0,-0.0014362339999998142,0.00018691999999909115,-0.016223549999999975
0.9543230016313213,0.0,0.0,0.0,0.0,-0.001575469999998802,0.00025653900000044416,-0.018912554000000026
1.0399673735725938,0.0,0.0,0.0,0.0,-0.0016384130000020036,0.00043678299999960757,-0.018999695999999955
1.1256117455138663,0.0,0.0,0.0,0.0,-0.0016975400000021068,0.0005502699999997418,-0.02255576800000003
1.2112561174551386,0.0,0.0,0.0,0.0,-0.0016651160000016318,0.0007524490000001549,-0.02292966799999996
1.2969004893964111,0.0,0.0,0.0,0.0,-0.0016078949999993597,0.000838279999999969,-0.02498060499999999
1.3825448613376836,0.0,0.0,0.0,0.0,-0.0015811919999997315,0.0009326939999994011,-0.027355938999999996
1.468189233278956,0.0,0.0,0.0,0.0,-0.0016098020000008262,0.0010662079999992358,-0.02817434099999999
1.5538336052202284,0.0,0.0,0.0,0.0,-0.0016841889999987814,0.0012464530000002583,-0.032153993999999964
1.639477977161501,0.0,0.0,0.0,0.0,-0.001775741999999525,0.0013132099999992874,-0.03397026599999997
1.7251223491027732,0.0,0.0,0.0,0.0,-0.0018768310000005783,0.0013532640000004648,-0.03698378799999996
1.8107667210440457,0.0,0.0,0.0,0.0,-0.0019741059999986987,0.0014343260000000413,-0.03728440399999999
1.8964110929853182,0.0,0.0,0.0,0.0,-0.0020694729999988226,0.0014867780000002995,-0.03975230399999996
1.9820554649265905,0.0,0.0,0.0,0.0,-0.0020999910000014665,0.0015773780000003512,-0.04114374500000001
2.067699836867863,0.0,0.0,0.0,0.0,-0.002086640000001694,0.0016098019999990498,-0.042391299999999965
2.1533442088091355,0.0,0.0,0.0,0.0,-0.002098084,0.0016565320000001549,-0.04565772400000001
2.2389885807504077,0.0,0.0,0.0,0.0,-0.0021038060000009295,0.0018234249999995455,-0.04546308499999996
2.3246329526916805,0.0,0.0,0.0,0.0,-0.0021610259999995662,0.00197887400000063,-0.04749640799999999
2.4102773246329527,0.0,0.0,0.0,0.0,-0.0022144319999988227,0.0021829609999990396,-0.049054443999999975
2.495921696574225,0.0,0.0,0.0,0.0,-0.0023117070000004958,0.002434730999999246,-0.049744487000000004
2.5815660685154977,0.0,0.0,0.0,0.0,-0.0024070740000006197,0.0026407239999990395,-0.052563011999999965
2.66721044045677,0.0,0.0,0.0,0.0,-0.002477645999999112,0.002888679999999866,-0.05267745199999996
2.7528548123980423,0.0,0.0,0.0,0.0,-0.0025806430000017144,0.0030832289999995766,-0.05431798099999996
2.838499184339315,0.0,0.0,0.0,0.0,-0.002582549999999628,0.0034246449999990602,-0.05644634399999998
2.9241435562805873,0.0,0.0,0.0,0.0,-0.0025844580000011774,0.0036058429999989983,-0.05879476699999997
3.0097879282218596,0.0,0.0,0.0,0.0,-0.002496719999999897,0.0037469869999995353,-0.059833585999999994
3.0954323001631323,0.0,0.0,0.0,0.0,-0.0023574830000008262,0.003831864000000351,-0.060844540999999974
3.1810766721044046,0.0,0.0,0.0,0.0,-0.0022468569999993804,0.003912925999999928,-0.06399190399999999
3.266721044045677,0.0,0.0,0.0,0.0,-0.002071381000000372,0.003940582000000248,-0.06340283099999999
3.3523654159869496,0.0,0.0,0.0,0.0,-0.001909256000001136,0.0038938519999991428,-0.06526997699999998
3.438009787928222,0.0,0.0,0.0,0.0,-0.001775741999999525,0.0038003920000004854,-0.06677144800000001
3.523654159869494,0.0,0.0,0.0,0.0,-0.0016365050000004544,0.0036735540000005784,-0.067208618
3.609298531810767,0.0,0.0,0.0,0.0,-0.0015258789999990086,0.003547668999999587,-0.06977882999999996
3.694942903752039,0.0,0.0,0.0,0.0,-0.0014762879999992151,0.0034055710000000516,-0.06960770499999996
3.7805872756933114,0.0,0.0,0.0,0.0,-0.0014438629999986574,0.003251075999999742,-0.07091802399999997
3.866231647634584,0.0,0.0,0.0,0.0,-0.0014762879999992151,0.0031251910000005267,-0.07290264999999996
3.9518760195758564,0.0,0.0,0.0,0.0,-0.0014686590000003719,0.0029716489999991325,-0.072895765
4.037520391517129,0.0,0.0,0.0,0.0,-0.0015144350000007023,0.0028495789999993804,-0.075141966
4.123164763458401,0.0,0.0,0.0,0.0,-0.0014705660000018383,0.002582549999999628,-0.07610678700000001
4.208809135399674,0.0,0.0,0.0,0.0,-0.0014724729999997521,0.002329827000000506,-0.07886716699999996
4.294453507340946,0.0,0.0,0.0,0.0,-0.001409531000000186,0.0021247869999996283,-0.077902943
4.380097879282219,0.0,0.0,0.0,0.0,-0.0013580319999988433,0.0018892289999996592,-0.07929658899999997
4.465742251223491,0.0,0.0,0.0,0.0,-0.0013732910000001652,0.0017557149999998245,-0.08014380900000001
4.551386623164763,0.0,0.0,0.0,0.0,-0.0013561250000009295,0.001564979999999494,-0.07980111200000001
4.637030995106036,0.0,0.0,0.0,0.0,-0.0012931830000013633,0.0014352799999990395,-0.08188721499999996
4.722675367047309,0.0,0.0,0.0,0.0,-0.0012969970000007436,0.0014295579999998864,-0.08120450400000001
4.808319738988581,0.0,0.0,0.0,0.0,-0.0013160710000015285,0.001496315000000692,-0.08215162100000001
4.893964110929853,0.0,0.0,0.0,0.0,-0.0013580319999988433,0.0015563969999998761,-0.08348166899999998
4.979608482871126,0.0,0.0,0.0,0.0,-0.001413345999999649,0.001771927000000062,-0.08320885899999997
5.065252854812398,0.0,0.0,0.0,0.0,-0.0015621189999990293,0.0019159319999992874,-0.08549046499999996
5.150897226753671,0.0,0.0,0.0,0.0,-0.001672745000000475,0.0021018979999993803,-0.08557528199999997
5.236541598694943,0.0,0.0,0.0,0.0,-0.0019111639999991326,0.002243996000000692,-0.08653652699999997
5.322185970636215,0.0,0.0,0.0,0.0,-0.0021209720000001653,0.0024385450000004028,-0.08873695100000001
5.407830342577488,0.0,0.0,0.0,0.0,-0.0025653840000003925,0.002593993999999711,-0.089332193
5.493474714518761,0.0,0.0,0.0,0.0,-0.002775192000001425,0.0027141569999997728,-0.09027305199999996
5.579119086460032,0.0,0.0,0.0,0.0,-0.0029754639999985955,0.002869605999999081,-0.09028693999999998
5.664763458401305,0.0,0.0,0.0,0.0,-0.003156662000002086,0.0030641560000006507,-0.092334568
5.750407830342578,0.0,0.0,0.0,0.0,-0.003236771000000971,0.0033226019999990086,-0.091458023
5.83605220228385,0.0,0.0,0.0,0.0,-0.0033016210000020862,0.0036058429999989983,-0.09226030099999999
5.921696574225122,0.0,0.0,0.0,0.0,-0.0033092500000009295,0.00390625,-0.09333419799999998
6.007340946166395,0.0,0.0,0.0,0.0,-0.003273010000000909,0.004176140000000217,-0.09258750099999996
6.092985318107667,0.0,0.0,0.0,0.0,-0.0032386779999988846,0.004545212000000021,-0.09415590800000001
6.17862969004894,0.0,0.0,0.0,0.0,-0.0030727390000002686,0.0047369009999993494,-0.09334781799999997
6.264274061990212,0.0,0.0,0.0,0.0,-0.0029125219999990293,0.00494766299999938,-0.09349122599999998
6.349918433931484,0.0,0.0,0.0,0.0,-0.0028095249999999794,0.005089760000000609,-0.094996631
6.435562805872757,0.0,0.0,0.0,0.0,-0.002618789999999649,0.005134583000000248,-0.09360036199999999
6.52120717781403,0.0,0.0,0.0,0.0,-0.002452851000001033,0.005161285999999876,-0.09467473599999998
6.6068515497553015,0.0,0.0,0.0,0.0,-0.002248764000000847,0.005103111000000382,-0.09457674599999999
6.692495921696574,0.0,0.0,0.0,0.0,-0.0016803739999993184,0.004472733000000062,-0.09482642999999996
6.778140293637847,0.0,0.0,0.0,0.0,-0.001516341999998616,0.004196166999999917,-0.096037924
6.863784665579119,0.0,0.0,0.0,0.0,-0.0013675689999992358,0.0038995740000000723,-0.09583160299999999
6.9494290375203915,0.0,0.0,0.0,0.0,-0.0012931830000013633,0.003600120999999845,-0.095643759
7.035073409461664,0.0,0.0,0.0,0.0,-0.0012569430000013426,0.0033235549999997005,-0.09775456799999999
7.120717781402936,0.0,0.0,0.0,0.0,-0.0012111670000010122,0.003058433999999721,-0.09600084999999997
7.206362153344209,0.0,0.0,0.0,0.0,-0.001228333000000248,0.0028581620000007746,-0.09679189299999996
7.2920065252854815,0.0,0.0,0.0,0.0,-0.0012435910000014871,0.0027418140000001756,-0.09704643499999999
7.377650897226753,0.0,0.0,0.0,0.0,-0.001224518000000785,0.002615928999999184,-0.09638425699999997
7.463295269168026,0.0,0.0,0.0,0.0,-0.0012226109999993184,0.0025653840000003925,-0.098155051
7.548939641109299,0.0,0.0,0.0,0.0,-0.0013847350000020242,0.002615928999999184,-0.09709793299999997
7.634584013050571,0.0,0.0,0.0,0.0,-0.0015811919999997315,0.0027236940000001653,-0.097883522
7.720228384991843,0.0,0.0,0.0,0.0,-0.0017185210000008055,0.002791404999999969,-0.099027961
7.805872756933116,0.0,0.0,0.0,0.0,-0.0019760130000001652,0.002962113000000599,-0.09845057099999999
7.891517128874388,0.0,0.0,0.0,0.0,-0.002405166999999153,0.003337860000000248,-0.10024926099999998
7.977161500815661,0.0,0.0,0.0,0.0,-0.0025463109999996902,0.003461837999999773,-0.100485414
8.062805872756933,0.0,0.0,0.0,0.0,-0.002759934000000186,0.0036334989999993184,-0.10312825399999997
8.148450244698205,0.0,0.0,0.0,0.0,-0.0028476720000014666,0.003596306000000382,-0.101865023
8.234094616639478,0.0,0.0,0.0,0.0,-0.0029010770000006403,0.0035800940000001447,-0.10309231299999999
8.31973898858075,0.0,0.0,0.0,0.0,-0.0029296880000018177,0.0035114289999995663,-0.10398995899999997
8.405383360522023,0.0,0.0,0.0,0.0,-0.0029277800000002685,0.0034084320000005164,-0.103871822
8.491027732463296,0.0,0.0,0.0,0.0,-0.0029296880000018177,0.003254890999999205,-0.10623940799999998
8.576672104404567,0.0,0.0,0.0,0.0,-0.0029010770000006403,0.003037452999999246,-0.105353743
8.66231647634584,0.0,0.0,0.0,0.0,-0.0029087069999995663,0.002846718000000692,-0.106172502
8.747960848287113,0.0,0.0,0.0,0.0,-0.002952576000001983,0.0026865009999994527,-0.10737529400000001
8.833605220228385,0.0,0.0,0.0,0.0,-0.0029315949999997315,0.0025081639999999794,-0.10656508799999997
8.919249592169658,0.0,0.0,0.0,0.0,-0.0029487609999989672,0.0023326879999991945,-0.10825452199999996
9.00489396411093,0.0,0.0,0.0,0.0,-0.0029010770000006403,0.002214432000000599,-0.107769787
9.090538336052202,0.0,0.0,0.0,0.0,-0.002964020000000289,0.0019559860000004647,-0.110229254
9.176182707993474,0.0,0.0,0.0,0.0,-0.002992630000001384,0.0017938619999995353,-0.10859417899999996
9.261827079934747,0.0,0.0,0.0,0.0,-0.0030727390000002686,0.0016565320000001549,-0.109803229
9.34747145187602,0.0,0.0,0.0,0.0,-0.003133774000001921,0.001594543999999587,-0.11034369499999996
9.433115823817293,0.0,0.0,0.0,0.0,-0.003232956000001508,0.001527786000000475,-0.110010475
9.518760195758565,0.0,0.0,0.0,0.0,-0.003377915000001508,0.0014848710000006093,-0.112052023
9.604404567699836,0.0,0.0,0.0,0.0,-0.0034751889999995456,0.0014753340000002169,-0.11094239299999997
9.690048939641109,0.0,0.0,0.0,0.0,-0.003614425999998616,0.0015325550000007127,-0.11160507799999997
9.775693311582382,0.0,0.0,0.0,0.0,-0.0037498480000017764,0.0015640260000004957,-0.11269319
9.861337683523654,0.0,0.0,0.0,0.0,-0.003765105999999463,0.0016069410000003614,-0.11185193099999996
9.946982055464927,0.0,0.0,0.0,0.0,-0.003763199000001549,0.0017204290000005784,-0.113603324
10.0326264274062,0.0,0.0,0.0,0.0,-0.003677368000001735,0.0018234249999995455,-0.11302640999999997
10.11827079934747,0.0,0.0,0.0,0.0,-0.0036125180000006196,0.0019245150000006817,-0.11336579899999999
10.203915171288743,0.0,0.0,0.0,0.0,-0.003582001000001611,0.0019731519999997005,-0.115028411
10.289559543230016,0.0,0.0,0.0,0.0,-0.00349998500000126,0.001984595999999783,-0.11402273199999996
10.375203915171289,0.0,0.0,0.0,0.0,-0.003469466999998616,0.0019598009999999277,-0.115644425
10.460848287112562,0.0,0.0,0.0,0.0,-0.0033264160000001652,0.0017728809999990602,-0.11568680399999998
10.546492659053834,0.0,0.0,0.0,0.0,-0.0032711029999994423,0.00162601499999937,-0.11789757000000001
10.632137030995105,0.0,0.0,0.0,0.0,-0.0030956270000004338,0.0014629369999994424,-0.11699759999999998
10.717781402936378,0.0,0.0,0.0,0.0,-0.0029697420000012187,0.001318932000000217,-0.11804249899999997
10.80342577487765,0.0,0.0,0.0,0.0,-0.002815247000000909,0.0011825559999998347,-0.11946898699999997
10.889070146818923,0.0,0.0,0.0,0.0,-0.002689362000001694,0.0010499959999989983,-0.11910948099999996
10.974714518760196,0.0,0.0,0.0,0.0,-0.002641677999999814,0.0008964539999993804,-0.12124586100000001
11.060358890701469,0.0,0.0,0.0,0.0,-0.0026245120000005784,0.0008058549999994113,-0.121222198
11.14600326264274,0.0,0.0,0.0,0.0,-0.002660752000000599,0.0007181169999999071,-0.122448593
11.231647634584013,0.0,0.0,0.0,0.0,-0.002674103000000372,0.0006837849999996592,-0.12425428599999999
11.317292006525285,0.0,0.0,0.0,0.0,-0.002696991000000537,0.000657082000000031,-0.124217719
11.402936378466558,0.0,0.0,0.0,0.0,-0.002744674999998864,0.0006046299999997728,-0.12651658
11.48858075040783,0.0,0.0,0.0,0.0,-0.002780913999998802,0.0005607609999991325,-0.126692146
11.574225122349104,0.0,0.0,0.0,0.0,-0.00280380299999905,0.0005235670000001136,-0.12774747599999997
11.659869494290374,0.0,0.0,0.0,0.0,-0.0028171539999988227,0.0004081730000002892,-0.12958770999999997
11.745513866231647,0.0,0.0,0.0,0.0,-0.0028572080000017763,0.00032711000000062995,-0.13143426199999997
11.83115823817292,0.0,0.0,0.0,0.0,-0.0028476720000014666,0.00026798300000052677,-0.13271593999999998
11.916802610114193,0.0,0.0,0.0,0.0,-0.0028476720000014666,0.0001544950000003098,-0.133038223
12.002446982055465,0.0,0.0,0.0,0.0,-0.0029048920000001033,1.812000000001035e-05,-0.135774195
12.088091353996738,0.0,0.0,0.0,0.0,-0.0028362279999996076,-6.866400000049566e-05,-0.13540911699999997
12.173735725938009,0.0,0.0,0.0,0.0,-0.002862929999999153,-0.00023651100000066094,-0.136691153
12.259380097879282,0.0,0.0,0.0,0.0,-0.0029067990000015698,-0.00034046200000048543,-0.13839819999999997
12.345024469820554,0.0,0.0,0.0,0.0,-0.0028915410000003305,-0.0004043580000008262,-0.13811221699999998
12.430668841761827,0.0,0.0,0.0,0.0,-0.0029106140000010328,-0.00057697299999937,-0.140473992
12.5163132137031,0.0,0.0,0.0,0.0,-0.0028572080000017763,-0.0006380079999992461,-0.14033016599999998
12.601957585644373,0.0,0.0,0.0,0.0,-0.002780913999998802,-0.0007562639999996179,-0.141302019
12.687601957585644,0.0,0.0,0.0,0.0,-0.002677917999999835,-0.0008916850000009191,-0.14381962999999998
12.773246329526916,0.0,0.0,0.0,0.0,-0.002531052000001921,-0.0009431840000004854,-0.14312463999999997
12.858890701468189,0.0,0.0,0.0,0.0,-0.002429962000000785,-0.0010728830000008571,-0.145092308
12.944535073409462,0.0,0.0,0.0,0.0,-0.002082824999998678,-0.001317024000000444,-0.146001965
13.030179445350734,0.0,0.0,0.0,0.0,-0.001937865999998678,-0.0015726090000001136,-0.148705482
13.115823817292007,0.0,0.0,0.0,0.0,-0.001953125,-0.0015153879999996178,-0.14848980299999998
13.201468189233278,0.0,0.0,0.0,0.0,-0.0019035340000002066,-0.0015792839999999586,-0.14998474699999997
13.28711256117455,0.0,0.0,0.0,0.0,-0.0018291479999987814,-0.0017042160000002582,-0.151981413
13.372756933115824,0.0,0.0,0.0,0.0,-0.0019435879999996075,-0.0016345980000007643,-0.152245521
13.458401305057096,0.0,0.0,0.0,0.0,-0.0020847320000001446,-0.0016450880000000723,-0.15512177299999996
13.544045676998369,0.0,0.0,0.0,0.0,-0.001987457000002024,-0.0016508100000010018,-0.155596644
13.629690048939642,0.0,0.0,0.0,0.0,-0.00210762000000031,-0.0015954970000002788,-0.15708550799999998
13.715334420880913,0.0,0.0,0.0,0.0,-0.002271652000001012,-0.001477240999999907,-0.16017159799999997
13.800978792822185,0.0,0.0,0.0,0.0,-0.0022068029999999794,-0.0014095300000001032,-0.15999594299999997
13.886623164763458,0.0,0.0,0.0,0.0,-0.002204895000001983,-0.0013723369999993906,-0.162696153
13.97226753670473,0.0,0.0,0.0,0.0,-0.002290726000001797,-0.0013246529999992873,-0.167511493
14.057911908646004,0.0,0.0,0.0,0.0,-0.0023136140000019623,-0.0014657969999998244,-0.17394158199999998
14.143556280587276,0.0,0.0,0.0,0.0,-0.0023441320000010535,-0.001672745000000475,-0.18183880999999996
14.229200652528547,0.0,0.0,0.0,0.0,-0.002716065000001322,-0.002324103999999494,-0.2028853
14.31484502446982,0.0,0.0,0.0,0.0,-0.0028495789999993804,-0.002882003999999938,-0.214254826
14.400489396411093,0.0,0.0,0.0,0.0,-0.003137589000001384,-0.0038862230000002995,-0.22811183299999999
14.486133768352365,128.0,109.0,172.0,132.0,-0.0042858129999991945,-0.00540542599999938,-0.23979836699999996
14.571778140293638,133.0,109.0,172.0,142.0,-0.006072998000000496,-0.007077217000000857,-0.250796884
14.65742251223491,129.0,109.0,165.0,136.0,-0.007068633999999463,-0.0094442370000003,-0.26067844
14.743066884176182,128.0,109.0,169.0,136.0,-0.007389069000002024,-0.011621475000000103,-0.270058423
14.828711256117455,129.0,109.0,165.0,135.0,-0.0074367520000002685,-0.014217376999999587,-0.278923005
14.914355628058727,136.0,109.0,171.0,145.0,-0.007514954000001239,-0.016695022000000392,-0.288554579
15.0,144.0,109.0,168.0,154.0,-0.007499694999999917,-0.018516540000000248,-0.29896122199999997
15.085644371941273,148.0,109.0,164.0,157.0,-0.007692337000001714,-0.020361899999999267,-0.310342252
15.171288743882545,144.0,109.0,170.0,154.0,-0.00819969200000159,-0.022363663000000145,-0.322358861
15.256933115823818,136.0,109.0,165.0,144.0,-0.008752823000001797,-0.02408409100000064,-0.333387792
15.34257748776509,131.0,109.0,167.0,139.0,-0.009752274000000227,-0.025249480999999463,-0.343702704
15.428221859706362,128.0,109.0,169.0,137.0,-0.011337279999999339,-0.029486655999999556,-0.363578647
15.513866231647635,226.0,109.0,168.0,238.0,-0.012268067000000826,-0.031051636000000826,-0.373147994
15.599510603588907,127.0,109.0,169.0,137.0,-0.013179779000001446,-0.03226947799999991,-0.381857827
15.68515497553018,125.0,109.0,164.0,134.0,-0.014192580999999649,-0.03300190000000036,-0.389874056
15.770799347471453,131.0,109.0,172.0,141.0,-0.015333175999998616,-0.03276061999999946,-0.397936791
15.856443719412724,132.0,109.0,167.0,141.0,-0.016721726000000103,-0.032239913999999814,-0.405668661
15.942088091353996,327.0,311.0,365.0,334.0,-0.01805686999999878,-0.03145027100000064,-0.41256055199999997
16.02773246329527,452.0,420.0,476.0,460.0,-0.0194702150000019,-0.03035163900000093,-0.418816574
16.11337683523654,461.0,417.0,490.0,473.0,-0.021007537999999215,-0.029006958000000083,-0.424563877
16.199021207177815,463.0,424.0,502.0,478.0,-0.02263832099999874,-0.027651786999999928,-0.429592498
16.284665579119086,468.0,429.0,515.0,487.0,-0.02439689699999903,-0.02638721399999966,-0.43428769
16.37030995106036,477.0,422.0,523.0,500.0,-0.026105880999999442,-0.0254306789999994,-0.438522592
16.45595432300163,479.0,423.0,535.0,507.0,-0.02787971500000097,-0.02455425199999972,-0.44229386
16.541598694942905,487.0,442.0,553.0,513.0,-0.029460907000000702,-0.023240088999999742,-0.445308417
16.627243066884176,487.0,442.0,578.0,510.0,-0.030969620000000475,-0.022035599000000516,-0.44746649299999997
16.712887438825447,462.0,467.0,620.0,493.0,-0.03271675099999882,-0.0204153060000003,-0.449050799
16.798531810766722,398.0,439.0,624.0,602.0,-0.03477096599999996,-0.018138885000000826,-0.450181551
16.884176182707993,346.0,406.0,668.0,656.0,-0.03707885800000099,-0.01528739899999998,-0.45025593799999997
16.969820554649267,365.0,387.0,692.0,654.0,-0.03965759300000116,-0.012104034000000041,-0.449812606
17.05546492659054,380.0,330.0,718.0,686.0,-0.042280197000000186,-0.009321212999999773,-0.448623434
17.14110929853181,388.0,310.0,709.0,727.0,-0.044883728000002066,-0.007378578000000857,-0.447463371
17.226753670473084,308.0,212.0,840.0,767.0,-0.04742240899999928,-0.005326270999999494,-0.44556798
17.312398042414355,373.0,227.0,799.0,762.0,-0.050125122000000744,-0.0023183820000003408,-0.443105325
17.39804241435563,357.0,173.0,829.0,808.0,-0.05306625400000087,0.0003843309999993494,-0.439566597
17.4836867862969,388.0,153.0,862.0,784.0,-0.05630683900000122,0.003520011999999184,-0.435010463
17.569331158238175,360.0,162.0,886.0,797.0,-0.05990791299999998,0.007140160000000506,-0.429979309
17.654975530179446,401.0,109.0,1001.0,845.0,-0.06384849600000209,0.010367393999999308,-0.42426103299999995
17.740619902120716,372.0,118.0,987.0,757.0,-0.067901612,0.013801575000000454,-0.418229952
17.82626427406199,393.0,109.0,1067.0,871.0,-0.07208824199999952,0.017540931999999287,-0.41196743399999997
17.911908646003262,439.0,109.0,1174.0,942.0,-0.07646560699999938,0.02143001600000005,-0.404964656
17.997553017944536,561.0,109.0,1219.0,1101.0,-0.08106422400000213,0.024353028000000165,-0.397036567
18.083197389885807,576.0,109.0,1268.0,1101.0,-0.0892295840000017,0.03148746499999966,-0.379226223
18.16884176182708,518.0,109.0,1328.0,1095.0,-0.09405136100000178,0.034320831000000496,-0.37006395999999997
18.254486133768353,494.0,109.0,1357.0,1084.0,-0.09879875200000043,0.037733078000000475,-0.36040194299999995
18.340130505709624,480.0,109.0,1395.0,1103.0,-0.103803635000002,0.04209041600000063,-0.350320995
18.4257748776509,524.0,109.0,1475.0,1179.0,-0.10902404800000198,0.04561996500000021,-0.338948801
18.51141924959217,586.0,109.0,1498.0,1254.0,-0.11475944500000068,0.049319266999999556,-0.327154994
18.597063621533444,611.0,109.0,1512.0,1246.0,-0.12019920399999862,0.05350971200000032,-0.314704522
18.682707993474715,615.0,109.0,1547.0,1244.0,-0.12604522699999876,0.05730628999999965,-0.30213162299999996
18.768352365415986,604.0,109.0,1547.0,1226.0,-0.1320629120000021,0.06137275699999911,-0.289494291
18.85399673735726,614.0,109.0,1565.0,1227.0,-0.13828468300000196,0.06583023099999963,-0.276223332
18.93964110929853,648.0,109.0,1584.0,1253.0,-0.1446857450000003,0.07029628799999976,-0.262658834
19.025285481239806,658.0,109.0,1594.0,1259.0,-0.15116310100000163,0.07416820499999943,-0.24808433599999996
19.110929853181077,674.0,109.0,1598.0,1248.0,-0.15806198099999946,0.07785320300000009,-0.23242363299999996
19.196574225122347,709.0,109.0,1608.0,1274.0,-0.16495895399999938,0.08203315799999977,-0.216284186
19.282218597063622,746.0,109.0,1623.0,1285.0,-0.17217826899999977,0.08650588999999975,-0.20008835199999997
19.367862969004893,726.0,109.0,1627.0,1256.0,-0.17957115200000118,0.09022998799999904,-0.18346792499999998
19.453507340946167,721.0,109.0,1660.0,1249.0,-0.18730735800000176,0.09423923499999987,-0.16630053499999997
19.53915171288744,735.0,109.0,1667.0,1248.0,-0.19507217399999988,0.09806442300000029,-0.14834323499999996
19.624796084828713,781.0,109.0,1674.0,1267.0,-0.20301628100000002,0.10200691200000023,-0.130605191
19.710440456769984,847.0,109.0,1679.0,1288.0,-0.21126365699999994,0.10622215299999915,-0.112734377
19.796084828711255,862.0,109.0,1694.0,1292.0,-0.21982383699999986,0.11054801999999952,-0.094172329
19.88172920065253,816.0,109.0,1721.0,1261.0,-0.22863388100000037,0.11494636599999986,-0.07504740299999996
19.9673735725938,788.0,109.0,1726.0,1234.0,-0.23740196199999986,0.11958599099999923,-0.05537769199999998
20.053017944535075,847.0,109.0,1735.0,1276.0,-0.24655914299999893,0.12459755000000072,-0.035605430999999965
20.138662316476346,947.0,109.0,1723.0,1322.0,-0.25610542300000105,0.1295166020000007,-0.01492536099999997
20.224306688417617,931.0,109.0,1755.0,1302.0,-0.26601982100000043,0.13443565400000068,0.00662231499999999
20.30995106035889,868.0,109.0,1783.0,1264.0,-0.2763023380000007,0.13954353399999953,0.02852308800000003
20.395595432300162,896.0,109.0,1788.0,1263.0,-0.2974090579999995,0.14869785299999982,0.07406783100000003
20.481239804241437,943.0,109.0,1765.0,1237.0,-0.31762504599999986,0.15712452,0.11750256999999997
20.566884176182707,977.0,109.0,1789.0,1263.0,-0.3406696320000009,0.16707229600000062,0.165617228
20.652528548123982,961.0,109.0,1846.0,1291.0,-0.35280990600000095,0.17185878799999976,0.18963116400000002
20.738172920065253,913.0,109.0,1849.0,1237.0,-0.3776817319999992,0.1813488010000004,0.23849391900000005
20.823817292006524,892.0,109.0,1749.0,1157.0,-0.3906230930000021,0.18603801699999956,0.26425981500000006
20.9094616639478,1136.0,109.0,1861.0,1381.0,-0.4038715360000005,0.19060325599999928,0.29046952700000006
20.99510603588907,1085.0,109.0,1875.0,1313.0,-0.4175663000000007,0.1952648159999999,0.317291796
21.080750407830344,984.0,109.0,1836.0,1199.0,-0.4315547940000002,0.19973945599999965,0.344250262
21.166394779771615,1070.0,109.0,1963.0,1354.0,-0.4456977850000001,0.20430183400000068,0.372020543
21.252039151712886,1113.0,109.0,1913.0,1322.0,-0.46025276199999965,0.20933055899999964,0.400669277
21.33768352365416,1155.0,109.0,1865.0,1277.0,-0.47538185100000163,0.21466732000000022,0.430231154
21.42332789559543,1147.0,109.0,1923.0,1302.0,-0.4909210210000019,0.22029209199999933,0.46119356200000006
21.508972267536706,1087.0,109.0,1999.0,1336.0,-0.5066547400000019,0.22565555599999954,0.49253225300000003
21.594616639477977,1080.0,109.0,1970.0,1274.0,-0.5224723820000001,0.23059082099999983,0.5247076749999999
21.68026101141925,1148.0,109.0,1891.0,1239.0,-0.5406932829999995,0.23572254199999954,0.5621542930000001
21.765905383360522,1244.0,109.0,1981.0,1357.0,-0.559484482000002,0.24094009399999905,0.6007764339999999
21.851549755301793,1178.0,109.0,1999.0,1333.0,-0.5765018459999993,0.24532222799999914,0.63572216
21.937194127243067,1150.0,109.0,1999.0,1302.0,-0.5938434599999987,0.25012016300000006,0.671503782
22.02283849918434,1175.0,109.0,1931.0,1244.0,-0.6120128630000004,0.2549390789999997,0.706905484
22.108482871125613,1243.0,109.0,1999.0,1365.0,-0.6303043370000019,0.26021766699999915,0.742342353
22.194127243066884,1230.0,109.0,1996.0,1338.0,-0.6491584780000004,0.2650737759999995,0.776039124
22.279771615008155,1165.0,109.0,1999.0,1309.0,-0.6680374150000006,0.27000141199999916,0.811601877
22.36541598694943,1175.0,109.0,1961.0,1265.0,-0.6874942779999991,0.27457714099999997,0.850200772
22.4510603588907,1169.0,109.0,1974.0,1279.0,-0.7069663999999989,0.2787551879999999,0.8861198429999999
22.536704730831975,1140.0,109.0,1982.0,1282.0,-0.7268924709999993,0.2826566699999997,0.921512127
22.622349102773246,1157.0,109.0,1988.0,1283.0,-0.7472705839999989,0.28603077,0.955005646
22.70799347471452,1244.0,109.0,1999.0,1352.0,-0.7676773069999996,0.28957080899999976,0.9896060230000001
22.79363784665579,1226.0,109.0,1999.0,1349.0,-0.7884998319999994,0.2923369410000003,1.02470851
22.879282218597062,1220.0,109.0,1983.0,1315.0,-0.8091468810000002,0.2949919699999999,1.0596774820000001
22.964926590538337,1204.0,109.0,1978.0,1314.0,-0.8302288060000009,0.29623031599999994,1.096525669
23.050570962479608,1185.0,109.0,1999.0,1314.0,-0.8696746829999995,0.29841327699999987,1.166484475
23.136215334420882,1167.0,109.0,1999.0,1320.0,-0.8920974729999998,0.2991943360000002,1.201501012
23.221859706362153,1189.0,109.0,1999.0,1329.0,-0.9144382479999997,0.3000793459999995,1.234631062
23.307504078303428,1201.0,109.0,1999.0,1326.0,-0.937143326000001,0.29978466099999945,1.263555169
23.3931484502447,1206.0,109.0,1999.0,1332.0,-0.9594535830000019,0.2994098669999996,1.29173255
23.47879282218597,1204.0,109.0,1987.0,1317.0,-0.9825954440000011,0.2985639569999998,1.316920042
23.564437194127244,1209.0,109.0,1999.0,1337.0,-1.0061550140000008,0.2977414129999998,1.337362051
23.650081566068515,1197.0,109.0,1999.0,1331.0,-1.029581069999999,0.2967867850000001,1.360625267
23.73572593800979,1196.0,109.0,1999.0,1324.0,-1.0536499030000002,0.2955350880000003,1.379787922
23.82137030995106,1201.0,109.0,1999.0,1352.0,-1.077625274999999,0.2935729030000003,1.395587325
23.90701468189233,1185.0,109.0,1999.0,1351.0,-1.1020336149999999,0.29085493100000015,1.412083864
23.992659053833606,1216.0,109.0,1999.0,1345.0,-1.1262512210000004,0.28766918200000013,1.422795296
24.078303425774877,1230.0,109.0,1999.0,1373.0,-1.149829865000001,0.2846012120000001,1.4307112690000001
24.16394779771615,1252.0,109.0,1999.0,1368.0,-1.1742897039999995,0.28053379099999987,1.438791275
24.249592169657422,1245.0,109.0,1999.0,1351.0,-1.197868347,0.27630901400000063,1.440919519
24.335236541598697,1224.0,109.0,1999.0,1360.0,-1.2431297299999997,0.2678003310000001,1.443170667
24.420880913539968,1228.0,109.0,1999.0,1353.0,-1.2676277159999998,0.2628231050000007,1.43953526
24.50652528548124,1235.0,109.0,1999.0,1363.0,-1.2918853759999998,0.2578907009999991,1.439580083
24.592169657422513,1236.0,109.0,1999.0,1361.0,-1.3166923520000005,0.2523403169999998,1.44382751
24.677814029363784,1239.0,109.0,1999.0,1366.0,-1.3418788910000004,0.24606227900000022,1.449261308
24.76345840130506,1248.0,109.0,1999.0,1358.0,-1.3673954009999996,0.2382612230000003,1.455404043
24.84910277324633,1274.0,109.0,1999.0,1374.0,-1.3942012790000007,0.23013114899999998,1.462721229
24.9347471451876,1293.0,109.0,1999.0,1376.0,-1.4199256899999995,0.22351932499999982,1.470420241
25.020391517128875,1331.0,109.0,1999.0,1386.0,-1.4466228490000006,0.21616268200000022,1.477266789
25.106035889070146,1337.0,109.0,1999.0,1385.0,-1.4744911199999997,0.20835876499999983,1.4841921329999999
25.19168026101142,1323.0,109.0,1999.0,1375.0,-1.502025604,0.1993532180000006,1.4899275299999999
25.27732463295269,1352.0,109.0,1999.0,1366.0,-1.531103134000002,0.1896181109999997,1.494236708
25.362969004893966,1368.0,109.0,1999.0,1388.0,-1.560192107999999,0.1815032960000007,1.4967627529999998
25.448613376835237,1362.0,109.0,1999.0,1350.0,-1.5892429350000015,0.17425060299999906,1.499127865
25.534257748776508,1373.0,109.0,1999.0,1349.0,-1.618253708000001,0.16421985600000077,1.501307488
25.619902120717782,1371.0,109.0,1999.0,1352.0,-1.6481494910000016,0.1524009710000005,1.5024051669999998
25.705546492659053,1334.0,109.0,1999.0,1308.0,-1.677070618000002,0.14098072100000003,1.5019037720000001
25.791190864600328,1340.0,109.0,1999.0,1305.0,-1.707242965999999,0.12919616699999992,1.500113487
25.8768352365416,1395.0,109.0,1999.0,1362.0,-1.738286972000001,0.11693191500000033,1.497503758
25.96247960848287,1403.0,109.0,1999.0,1334.0,-1.7691497799999993,0.10557460799999951,1.495005846
26.048123980424144,1399.0,109.0,1999.0,1333.0,-1.8021450039999998,0.09271049500000039,1.4901404379999998
26.133768352365415,1415.0,109.0,1999.0,1327.0,-1.8368320470000015,0.07756423999999917,1.483391523
26.21941272430669,1405.0,109.0,1999.0,1319.0,-1.8699150089999996,0.06120395700000003,1.4746053220000002
26.30505709624796,1418.0,109.0,1999.0,1302.0,-1.9033412940000005,0.046211243000000124,1.4627404210000001
26.390701468189235,1440.0,109.0,1999.0,1331.0,-1.9378700259999988,0.032256127000000134,1.450112462
26.476345840130506,1449.0,109.0,1999.0,1318.0,-1.9724540710000014,0.019494056999999287,1.4363341330000001
26.561990212071777,1433.0,109.0,1989.0,1288.0,-2.007011414000001,0.005940437999999659,1.421199679
26.64763458401305,1469.0,109.0,1962.0,1295.0,-2.0429935460000017,-0.009980201999999494,1.406491399
26.733278955954322,1465.0,109.0,1913.0,1250.0,-2.079782485999999,-0.027963637999999236,1.390675068
26.818923327895597,1409.0,109.0,1915.0,1217.0,-2.118627547999999,-0.047052383000000475,1.373988152
26.904567699836868,1362.0,109.0,1916.0,1152.0,-2.158906937000001,-0.06466388700000003,1.356417894
26.99021207177814,1355.0,109.0,1891.0,1130.0,-2.2031345370000004,-0.08244228300000067,1.336392522
27.075856443719413,1371.0,109.0,1853.0,1138.0,-2.242782593000001,-0.09970855699999959,1.3192465310000001
27.161500815660684,1408.0,109.0,1874.0,1144.0,-2.2824401859999988,-0.11970901499999975,1.301451325
27.24714518760196,1350.0,109.0,1858.0,1095.0,-2.3226966860000005,-0.13911438000000054,1.282285929
27.33278955954323,1334.0,109.0,1837.0,1062.0,-2.365423202999999,-0.15964603399999966,1.26140511
27.418433931484504,1354.0,109.0,1834.0,1063.0,-2.407474518000001,-0.17866134600000017,1.239608884
27.504078303425775,1282.0,109.0,1808.0,957.0,-2.4503917699999995,-0.19900989499999966,1.216018796
27.589722675367046,1197.0,109.0,1746.0,804.0,-2.4933891300000006,-0.21851062800000065,1.192740798
27.67536704730832,1269.0,109.0,1708.0,859.0,-2.5377750399999996,-0.23891544299999978,1.1688494680000001
27.76101141924959,1218.0,109.0,1646.0,828.0,-2.5817565920000014,-0.2599000930000006,1.146006346
27.846655791190866,1245.0,109.0,1644.0,830.0,-2.6270866400000017,-0.2824258799999999,1.122582793
27.932300163132137,1248.0,109.0,1601.0,812.0,-2.673574448,-0.3053007119999993,1.097894788
28.017944535073408,1221.0,109.0,1491.0,713.0,-2.7207355500000006,-0.32707023600000085,1.073983312
28.103588907014682,1274.0,109.0,1462.0,688.0,-2.7673110960000002,-0.34895992300000067,1.050126672
28.189233278955953,1362.0,109.0,1373.0,697.0,-2.814344406,-0.3713264459999994,1.024978399
28.274877650897228,1229.0,109.0,1236.0,406.0,-2.8623332979999994,-0.39445877100000004,1.00000906
28.3605220228385,1182.0,109.0,1155.0,294.0,-2.9109554290000013,-0.41819858500000073,0.974887729
28.446166394779773,1292.0,109.0,1200.0,476.0,-2.9596195220000006,-0.44324588799999987,0.9495193959999999
28.531810766721044,1205.0,109.0,1244.0,570.0,-3.0092239380000017,-0.46899986200000043,0.923759818
28.617455138662315,1125.0,109.0,1169.0,395.0,-3.0594902039999994,-0.4952278139999997,0.8983610870000001
28.70309951060359,1324.0,109.0,1097.0,351.0,-3.1095027930000008,-0.5220518110000008,0.871999025
28.78874388254486,1399.0,109.0,1267.0,687.0,-3.160127639999999,-0.5489664080000001,0.845685005
28.874388254486135,1224.0,109.0,1175.0,448.0,-3.210290909000001,-0.5755424500000004,0.8194041249999999
28.960032626427406,1181.0,109.0,1078.0,262.0,-3.2630157470000007,-0.6033172610000008,0.792799115
29.045676998368677,1116.0,109.0,1222.0,390.0,-3.315170288000001,-0.6319427490000002,0.7659227850000001
29.13132137030995,974.0,109.0,1233.0,370.0,-3.3666477209999996,-0.6599416730000005,0.73909688
29.216965742251222,977.0,109.0,1076.0,300.0,-3.4181270599999998,-0.6894416809999999,0.7119162080000001
29.302610114192497,1050.0,109.0,1091.0,370.0,-3.470806121999999,-0.7206716540000002,0.684549332
29.388254486133768,1057.0,109.0,1052.0,464.0,-3.522960662999999,-0.752489090000001,0.6567213540000001
29.473898858075042,990.0,109.0,982.0,449.0,-3.5759582519999995,-0.7846393579999997,0.629328847
29.559543230016313,1028.0,109.0,1066.0,566.0,-3.6290664670000012,-0.816387176000001,0.6010766030000001
29.645187601957584,1022.0,109.0,1038.0,592.0,-3.7436008459999996,-0.8867511750000006,0.5429201130000001
29.73083197389886,1039.0,109.0,1013.0,628.0,-3.7983379369999994,-0.9208126070000002,0.5154044630000001
29.81647634584013,990.0,109.0,927.0,515.0,-3.8525753020000018,-0.9542779919999997,0.48825061299999994
29.902120717781404,979.0,109.0,865.0,377.0,-3.906663895000001,-0.990004539000001,0.46174430899999996
29.987765089722675,965.0,125.0,842.0,309.0,-3.9572811130000005,-1.025643348000001,0.466817319
30.07340946166395,822.0,222.0,830.0,417.0,-4.007946015000002,-1.0628347389999995,0.47533154499999997
30.15905383360522,793.0,168.0,862.0,452.0,-4.056581497,-1.100989342,0.49026501200000006
30.24469820554649,905.0,109.0,829.0,559.0,-4.104423523000001,-1.1396036150000004,0.5172214509999999
30.330342577487766,940.0,109.0,806.0,692.0,-4.152183532999999,-1.1775360110000008,0.5419572589999999
30.415986949429037,807.0,109.0,769.0,618.0,-4.199745178000001,-1.2154989240000003,0.5706168410000001
30.50163132137031,722.0,131.0,865.0,559.0,-4.246387481999999,-1.2524547570000006,0.6090817450000001
30.587275693311582,722.0,117.0,841.0,597.0,-4.294530868999999,-1.2903413770000007,0.6422071460000001
30.672920065252853,792.0,109.0,887.0,746.0,-4.3412323000000015,-1.3286161419999996,0.675920963
30.758564437194128,841.0,109.0,962.0,760.0,-4.388013839999999,-1.3683643340000007,0.7096518279999999
30.8442088091354,733.0,109.0,1035.0,711.0,-4.435724259000001,-1.4104719160000005,0.7342563870000001
30.929853181076673,779.0,109.0,1116.0,830.0,-4.481573104999999,-1.4509954450000002,0.7647145989999999
31.015497553017944,804.0,109.0,1077.0,871.0,-4.5282382970000015,-1.4913291930000003,0.791880608
31.10114192495922,793.0,109.0,980.0,746.0,-4.574995041000001,-1.533046722,0.8158506160000001
31.18678629690049,851.0,109.0,930.0,640.0,-4.6212348940000005,-1.5742797849999999,0.8412656780000001
31.27243066884176,955.0,109.0,945.0,584.0,-4.668582916000002,-1.6153593060000002,0.8635323050000001
31.358075040783035,1012.0,109.0,949.0,550.0,-4.717620849999999,-1.6584091179999998,0.879674912
31.443719412724306,1002.0,109.0,992.0,545.0,-4.764644622999999,-1.7009840010000001,0.8995099070000001
31.52936378466558,1031.0,109.0,1020.0,445.0,-4.812120438000001,-1.7454595560000001,0.914532423
31.61500815660685,1056.0,109.0,1025.0,428.0,-4.860616684,-1.789110184,0.927083135
31.700652528548122,987.0,109.0,1044.0,389.0,-4.907733917000002,-1.8335208890000008,0.9418658019999999
31.786296900489397,974.0,109.0,1184.0,503.0,-4.955440521,-1.8783254619999994,0.951588273
31.871941272430668,1160.0,109.0,1222.0,663.0,-5.003309250000001,-1.9230022430000009,0.958769679
31.957585644371942,1260.0,109.0,1244.0,759.0,-5.050823212000001,-1.9682273860000006,0.965666771
32.04323001631322,1266.0,109.0,1256.0,710.0,-5.113521576,-2.026162147000001,0.9724425080000001
32.12887438825449,1278.0,109.0,1210.0,525.0,-5.163141250999999,-2.075056076000001,0.976597428
32.21451876019576,1307.0,109.0,1165.0,443.0,-5.208469391000001,-2.1172866819999996,0.979939699
32.30016313213703,1361.0,109.0,1173.0,387.0,-5.258079529,-2.160945892000001,0.9827961920000001
32.3858075040783,1429.0,109.0,1232.0,383.0,-5.309949875000001,-2.2124490740000002,0.9827854629999999
32.47145187601958,1375.0,109.0,1254.0,254.0,-5.353824616000001,-2.2651395799999996,0.9859379530000001
32.55709624796085,1364.0,109.0,1202.0,198.0,-5.399433135999999,-2.3150520320000005,0.985497952
32.64274061990212,1380.0,109.0,1165.0,180.0,-5.446548461999999,-2.3581123349999995,0.98036027
32.72838499184339,1378.0,132.0,1154.0,109.0,-5.502859116,-2.4043769830000006,0.977797389
32.81402936378466,1443.0,170.0,1153.0,109.0,-5.556480407999999,-2.451576233000001,0.9759542940000001
32.89967373572594,1487.0,250.0,1119.0,109.0,-5.602441788,-2.4937696450000004,0.975461364
32.98531810766721,1509.0,271.0,1110.0,109.0,-5.646848679000001,-2.5408191680000005,0.9742124080000001
33.07096247960848,1559.0,362.0,1184.0,109.0,-5.692117691,-2.590970039,0.9735038280000001
33.15660685154975,1647.0,528.0,1234.0,109.0,-5.735744476000001,-2.6413631439999996,0.9708836080000001
33.242251223491024,1681.0,532.0,1210.0,109.0,-5.779209136999999,-2.6840724940000005,0.968954206
33.3278955954323,1685.0,499.0,1174.0,109.0,-5.825588226000001,-2.7289905549999993,0.965003848
33.41353996737357,1750.0,649.0,1236.0,109.0,-5.873016358000001,-2.7757253639999995,0.9616932870000001
33.499184339314844,1789.0,756.0,1280.0,109.0,-5.923112869000001,-2.8255882260000007,0.9592900280000001
33.584828711256115,1809.0,773.0,1270.0,109.0,-5.974748611999999,-2.8813266750000004,0.9557421210000001
33.67047308319739,1856.0,797.0,1253.0,109.0,-6.021892548,-2.9282751079999993,0.9531917569999999
33.756117455138664,1880.0,831.0,1220.0,109.0,-6.066556931000001,-2.973095894,0.950507641
33.841761827079935,1911.0,889.0,1254.0,109.0,-6.119129181000002,-3.02613163,0.946172595
33.927406199021206,1900.0,924.0,1289.0,109.0,-6.171764374000002,-3.0780124660000006,0.9440999029999999
34.01305057096248,1956.0,990.0,1320.0,109.0,-6.220371246999999,-3.1299991610000006,0.937185884
34.098694942903755,1999.0,969.0,1215.0,109.0,-6.265436173000001,-3.1800222389999995,0.931168437
34.184339314845026,1961.0,931.0,1197.0,109.0,-6.311056137000001,-3.2342929839999996,0.928170443
34.2699836867863,1999.0,1065.0,1294.0,109.0,-6.365530014000001,-3.2919635770000006,0.925862312
34.35562805872757,1999.0,1007.0,1237.0,109.0,-6.41151619,-3.3421983720000004,0.9225645069999999
34.44127243066884,1999.0,1041.0,1288.0,109.0,-6.455064774,-3.3825931550000004,0.9214454890000001
34.52691680261012,1960.0,1041.0,1325.0,109.0,-6.511915207000001,-3.4349699020000006,0.921416521
34.61256117455139,1984.0,1034.0,1328.0,109.0,-6.5549736020000005,-3.4824571609999992,0.9223457580000001
34.69820554649266,1999.0,1012.0,1235.0,109.0,-6.595153808999999,-3.533154487000001,0.9250340459999999
34.78384991843393,1999.0,1007.0,1184.0,109.0,-6.644132614,-3.583580971,0.9268140790000001
34.8694942903752,1999.0,991.0,1228.0,109.0,-6.694057465,-3.6359128950000006,0.929160237
34.95513866231648,1999.0,1054.0,1283.0,109.0,-6.736534119000002,-3.6803226470000006,0.9334828850000001
35.04078303425775,1999.0,1075.0,1302.0,109.0,-6.789022446000001,-3.73073864,0.9370760920000001
35.12642740619902,1999.0,1041.0,1271.0,109.0,-6.83921814,-3.7768983840000008,0.942271233
35.21207177814029,1999.0,1024.0,1231.0,109.0,-6.888339996999999,-3.8163137430000003,0.9490973950000001
35.29771615008156,1999.0,1056.0,1278.0,109.0,-6.932098389,-3.8526439660000005,0.9561140539999999
35.38336052202284,1999.0,1052.0,1283.0,109.0,-6.973480224999999,-3.8937797540000005,0.968318105
35.46900489396411,1999.0,1030.0,1238.0,109.0,-7.016641617000001,-3.9523019789999996,0.979953289
35.55464926590538,1999.0,1025.0,1263.0,109.0,-7.0618629460000015,-4.014125824000001,0.9900920390000001
35.64029363784665,1999.0,1121.0,1338.0,109.0,-7.0999259949999995,-4.071702956999999,1.007106543
35.72593800978793,1999.0,1015.0,1227.0,109.0,-7.141572952000001,-4.128699301999999,1.021646619
35.8115823817292,1999.0,979.0,1206.0,109.0,-7.177324295000002,-4.180969237999999,1.033926487
35.89722675367047,1999.0,1075.0,1287.0,109.0,-7.207595825000002,-4.233294487,1.051316023
35.982871125611744,1999.0,1097.0,1332.0,109.0,-7.258821487999999,-4.271835327,1.06831348
36.068515497553015,1999.0,1067.0,1290.0,109.0,-7.311796188999999,-4.312114715,1.081770659
36.15415986949429,1999.0,1048.0,1258.0,109.0,-7.358867645,-4.354232788000001,1.100344777
36.239804241435564,1999.0,1055.0,1284.0,109.0,-7.444044113,-4.427323340999999,1.13992095
36.325448613376835,1999.0,1061.0,1305.0,109.0,-7.489686966000001,-4.471214293999999,1.161038399
36.411092985318106,1999.0,1078.0,1306.0,109.0,-7.547126770000002,-4.522023201,1.181322455
36.49673735725938,1999.0,1084.0,1314.0,109.0,-7.609125138,-4.560445785000001,1.202528238
36.582381729200655,1999.0,1054.0,1286.0,109.0,-7.666505814000001,-4.602115631,1.223730922
36.668026101141926,1999.0,1056.0,1272.0,109.0,-7.727180481000001,-4.652600288,1.2421128750000001
36.7536704730832,1982.0,1034.0,1240.0,109.0,-7.779466629000002,-4.708669662,1.263563633
36.83931484502447,1999.0,1082.0,1294.0,109.0,-7.819972992,-4.759324074,1.286114335
36.92495921696574,1999.0,1008.0,1234.0,109.0,-7.875312805,-4.812306404000001,1.305151105
37.01060358890702,1999.0,1056.0,1199.0,109.0,-7.953165053999999,-4.8798313140000005,1.324850202
37.09624796084829,1999.0,963.0,1129.0,109.0,-8.009609223000002,-4.947209358,1.34241724
37.18189233278956,1933.0,935.0,1169.0,109.0,-8.076826096000001,-4.999303818,1.358377576
37.26753670473083,1999.0,1120.0,1288.0,109.0,-8.142576218000002,-5.037739754,1.3726089
37.3531810766721,1999.0,1202.0,1323.0,109.0,-8.216104508,-5.090223312000001,1.3836286070000001
37.43882544861338,1977.0,1062.0,1237.0,109.0,-8.294401169,-5.159613609000001,1.394233584
37.52446982055465,1947.0,1028.0,1174.0,109.0,-8.442649841000001,-5.3127870559999995,1.416600466
37.61011419249592,1875.0,871.0,1026.0,109.0,-8.527240753000001,-5.3926115029999995,1.427209139
37.69575856443719,1748.0,790.0,981.0,109.0,-8.614664078,-5.466002464000001,1.437205911
37.78140293637847,1645.0,965.0,1029.0,109.0,-8.706895828,-5.542825699,1.445923209
37.86704730831974,1752.0,1137.0,1177.0,109.0,-8.801399231000001,-5.620090484,1.45337224
37.95269168026101,1885.0,1141.0,1193.0,109.0,-8.897672653,-5.694980621000001,1.460631132
38.03833605220228,1914.0,1009.0,1156.0,109.0,-8.996500014999999,-5.771807669999999,1.466320872
38.123980424143554,1721.0,858.0,1012.0,109.0,-9.094614028999999,-5.847313881,1.472747445
38.20962479608483,1835.0,895.0,993.0,109.0,-9.192337036000001,-5.923973083,1.4782040120000002
38.2952691680261,1929.0,899.0,993.0,109.0,-9.291948319,-6.004405021,1.483611107
38.38091353996737,1859.0,779.0,979.0,109.0,-9.390270232999999,-6.084166527000001,1.4898371700000002
38.466557911908644,1763.0,941.0,1072.0,109.0,-9.491462708,-6.166872978000001,1.495605707
38.552202283849915,1782.0,994.0,1125.0,109.0,-9.594928742,-6.249317168999999,1.5012898449999998
38.63784665579119,1877.0,854.0,1057.0,109.0,-9.697664261,-6.331046104,1.5064027309999999
38.723491027732464,1943.0,769.0,991.0,109.0,-9.802452087999999,-6.4154281609999995,1.511525393
38.809135399673735,1990.0,894.0,1059.0,109.0,-10.000301361000002,-6.573747635,1.521335125
38.894779771615006,1741.0,961.0,1164.0,109.0,-10.108778000000001,-6.662122726,1.5257565979999999
38.98042414355628,1752.0,1013.0,1198.0,109.0,-10.219812393000002,-6.751131058,1.528833866
39.066068515497555,1822.0,1057.0,1187.0,109.0,-10.333211899000002,-6.84128952,1.532042742
39.151712887438826,1923.0,960.0,1123.0,109.0,-10.447525025000001,-6.932463646,1.5351052289999998
39.2373572593801,1934.0,961.0,1184.0,109.0,-10.564239502,-7.025686264000001,1.537938833
39.32300163132137,1815.0,1004.0,1182.0,109.0,-10.681787491000001,-7.120260238,1.540381432
39.408646003262646,1756.0,912.0,1067.0,109.0,-10.801166535,-7.214616775,1.542744637
39.49429037520392,1831.0,788.0,1009.0,109.0,-10.924207688,-7.309240341000001,1.544957161
39.57993474714519,1817.0,698.0,870.0,109.0,-11.046516419,-7.399971008,1.5464723109999998
39.66557911908646,1818.0,775.0,1077.0,109.0,-11.168518067,-7.492412567000001,1.547468901
39.75122349102773,1705.0,687.0,1175.0,109.0,-11.310487747,-7.601719856000001,1.548148632
39.83686786296901,1691.0,562.0,1087.0,109.0,-11.439332962000002,-7.704844475,1.547228813
39.92251223491028,1644.0,496.0,889.0,109.0,-11.569801331,-7.8110017769999995,1.5458076
40.00815660685155,1922.0,480.0,1079.0,109.0,-11.704971314000002,-7.921395301999999,1.543484449
40.09380097879282,1772.0,112.0,867.0,109.0,-11.904050826999999,-8.077704428999999,1.539536238
40.17944535073409,1743.0,210.0,912.0,109.0,-12.049818039000002,-8.189627647,1.536023378
40.26508972267537,1682.0,439.0,1101.0,109.0,-12.195480347,-8.299069403999999,1.5324208739999998
40.35073409461664,1709.0,697.0,1333.0,109.0,-12.349622727,-8.410439491,1.5269505980000002
40.43637846655791,1581.0,451.0,1270.0,109.0,-12.503091812000001,-8.525767325999999,1.5208590030000002
40.52202283849918,1585.0,109.0,1172.0,289.0,-12.659290314,-8.649155617,1.513299942
40.607667210440454,1564.0,109.0,1179.0,242.0,-12.818052292,-8.769217491000001,1.5047898290000001
40.69331158238173,1457.0,171.0,1277.0,109.0,-12.975563049000002,-8.883255958000001,1.49662137
40.778955954323,1393.0,193.0,1281.0,109.0,-13.137548447,-9.001872061999999,1.48769021
40.864600326264274,1518.0,109.0,1337.0,425.0,-13.308036804,-9.121235847,1.477752924
40.950244698205545,1589.0,109.0,1398.0,454.0,-13.474830628,-9.233342170999999,1.468239069
41.035889070146816,1542.0,109.0,1383.0,492.0,-13.645877838,-9.349429129999999,1.457638025
41.121533442088094,1548.0,109.0,1432.0,555.0,-13.811864853,-9.46445179,1.447818279
41.207177814029365,1512.0,109.0,1397.0,350.0,-13.978199005,-9.582579613000002,1.437875986
41.292822185970635,1467.0,126.0,1253.0,109.0,-14.147594452,-9.702923775,1.427304387
41.378466557911906,1412.0,313.0,1212.0,109.0,-14.456077576000002,-9.922125816,1.407314539
41.464110929853184,1384.0,109.0,1220.0,190.0,-14.625400543,-10.040411949000001,1.395911455
41.549755301794455,1415.0,109.0,1275.0,401.0,-14.799020767,-10.163201332000002,1.384268642
41.635399673735726,1538.0,109.0,1090.0,477.0,-14.971881867,-10.285492897,1.372543454
41.721044045677,1711.0,109.0,1340.0,881.0,-15.147125244,-10.406668663,1.360384822
41.80668841761827,1607.0,109.0,1342.0,578.0,-15.316836357,-10.528311729,1.349213839
41.892332789559546,1385.0,109.0,1188.0,181.0,-15.482156754,-10.648001671000001,1.338971257
41.97797716150082,1328.0,109.0,1242.0,265.0,-15.649240494,-10.768155098,1.3283540010000001
42.06362153344209,1304.0,109.0,1172.0,219.0,-15.810566902,-10.893136023999999,1.318678379
42.14926590538336,1427.0,109.0,1252.0,359.0,-15.973212242,-11.021069526,1.3079702850000001
42.23491027732463,1373.0,109.0,1219.0,171.0,-16.135975838,-11.145640373,1.297194004
42.32055464926591,1360.0,165.0,1239.0,109.0,-16.293647766,-11.271201134,1.286705494
42.40619902120718,1401.0,109.0,1225.0,302.0,-16.455423355,-11.391421318,1.2761271
42.49184339314845,1652.0,109.0,1299.0,427.0,-16.612854004,-11.503647804000002,1.266116262
42.57748776508972,1624.0,109.0,1420.0,616.0,-16.771634102,-11.611334801,1.256483317
42.66313213703099,1435.0,109.0,1374.0,457.0,-17.058773041000002,-11.800930976999998,1.238973022
42.74877650897227,1328.0,109.0,1256.0,203.0,-17.210460663,-11.910872458999998,1.230133772
42.83442088091354,1328.0,246.0,1337.0,109.0,-17.362406731,-12.021731376,1.221581102
42.92006525285481,1282.0,109.0,1285.0,214.0,-17.511625289999998,-12.126013756,1.2137291430000001
43.00570962479608,1408.0,109.0,1296.0,313.0,-17.657931328,-12.235098839,1.20634234
43.091353996737354,1532.0,109.0,1166.0,141.0,-17.804632187000003,-12.342648506000002,1.198509097
43.17699836867863,1542.0,113.0,1136.0,109.0,-17.949876785,-12.451430320999998,1.190824509
43.2626427406199,1550.0,109.0,1180.0,292.0,-18.09317112,-12.559157371,1.182773471
43.348287112561174,1474.0,172.0,1180.0,109.0,-18.23235035,-12.663321495,1.175178051
43.433931484502445,1463.0,199.0,1193.0,109.0,-18.369470596,-12.769755363,1.167544603
43.51957585644372,1524.0,183.0,1143.0,109.0,-18.504658699,-12.870060920999999,1.159855604
43.605220228384994,1568.0,310.0,1194.0,109.0,-18.645453453000002,-12.98066616,1.152017713
43.690864600326265,1573.0,308.0,1185.0,109.0,-18.790096283,-13.09348011,1.144182086
43.776508972267536,1569.0,310.0,1195.0,109.0,-18.934854508,-13.202090263,1.136366367
43.86215334420881,1597.0,396.0,1242.0,109.0,-19.077138900999998,-13.307404518,1.128801346
43.947797716150085,1612.0,375.0,1181.0,109.0,-19.340071678,-13.509737968000001,1.11255002
44.033442088091356,1643.0,394.0,1170.0,109.0,-19.482086182,-13.616507530000002,1.1025213
44.11908646003263,1634.0,428.0,1207.0,109.0,-19.624959946,-13.724896431,1.092370153
44.2047308319739,1659.0,474.0,1201.0,109.0,-19.768670082,-13.832957268,1.082298637
44.29037520391517,1691.0,482.0,1161.0,109.0,-19.91438961,-13.946391105000002,1.07253325
44.376019575856446,1703.0,509.0,1182.0,109.0,-20.069579125,-14.060460090000001,1.061337113
44.46166394779772,1697.0,524.0,1220.0,109.0,-20.228754997000003,-14.173819541999999,1.049379468
44.54730831973899,1726.0,603.0,1240.0,109.0,-20.384133339,-14.280579566999998,1.037336469
44.63295269168026,1722.0,588.0,1200.0,109.0,-20.541831017,-14.395270346999999,1.025274038
44.71859706362153,1748.0,552.0,1147.0,109.0,-20.69396019,-14.503985405,1.01293838
44.80424143556281,1747.0,612.0,1139.0,109.0,-20.846755981999998,-14.611908911999999,1.00072062
44.88988580750408,1790.0,673.0,1185.0,109.0,-21.003852844,-14.730021477,0.9879243369999999
44.97553017944535,1831.0,714.0,1206.0,109.0,-21.161529541,-14.845219612,0.9752316480000001
45.06117455138662,1843.0,737.0,1189.0,109.0,-21.317232132,-14.953822136000001,0.962684155
45.1468189233279,1862.0,767.0,1196.0,109.0,-21.594143868,-15.167132377,0.939055204
45.23246329526917,1863.0,772.0,1171.0,109.0,-21.737130165,-15.277226447999999,0.926831961
45.31810766721044,1888.0,800.0,1175.0,109.0,-21.889955521,-15.385058403,0.913351059
45.40375203915171,1911.0,871.0,1213.0,109.0,-22.047819138,-15.485327719999999,0.8986959459999999
45.48939641109298,1940.0,899.0,1207.0,109.0,-22.206417084,-15.583222389000001,0.8839402199999999
45.57504078303426,1956.0,909.0,1201.0,109.0,-22.363076210000003,-15.674307823000001,0.870210886
45.66068515497553,1968.0,929.0,1200.0,109.0,-22.520897865000002,-15.781277655999999,0.857385874
45.7463295269168,1943.0,922.0,1203.0,109.0,-22.670980931000003,-15.889792442,0.843907833
45.831973898858074,1972.0,966.0,1220.0,109.0,-22.821303368000002,-15.990458488,0.8296808010000001
45.917618270799345,1999.0,985.0,1218.0,109.0,-22.973464012,-16.089282036,0.8145982030000001
46.00326264274062,1992.0,997.0,1226.0,109.0,-23.125414372,-16.184924125000002,0.7994666100000001
46.088907014681894,1999.0,965.0,1171.0,109.0,-23.275395394,-16.281153679,0.7841376070000001
46.174551386623165,1999.0,1001.0,1200.0,109.0,-23.425389767,-16.377068518999998,0.7684082990000001
46.260195758564436,1999.0,1013.0,1206.0,109.0,-23.571695805,-16.468472481,0.7518152
46.34584013050571,1999.0,1009.0,1210.0,109.0,-23.731489659,-16.562670708,0.7343978879999999
46.431484502446985,1999.0,1009.0,1207.0,109.0,-24.032238484,-16.758690834,0.6994955540000001
46.517128874388256,1999.0,1011.0,1213.0,109.0,-24.188774109,-16.858710289,0.679305434
46.60277324632953,1999.0,1019.0,1215.0,109.0,-24.344551087,-16.952830314000003,0.6589779849999999
46.6884176182708,1999.0,1005.0,1190.0,109.0,-24.530500412000002,-17.067931175,0.635014892
46.77406199021207,1999.0,1037.0,1237.0,109.0,-24.691011906,-17.171103477000003,0.6137638089999999
46.85970636215335,1999.0,1015.0,1193.0,109.0,-24.851165772,-17.268185615,0.5915114880000001
46.94535073409462,1999.0,1001.0,1180.0,109.0,-25.007693768,-17.370520592,0.5680632590000001
47.03099510603589,1999.0,1024.0,1218.0,109.0,-25.161889076,-17.46810627,0.544355631
47.11663947797716,1999.0,1034.0,1210.0,109.0,-25.315964699,-17.558890343,0.51958561
47.20228384991844,1999.0,989.0,1165.0,109.0,-25.464357853,-17.641814232,0.49522852900000003
47.28792822185971,1999.0,1024.0,1192.0,109.0,-25.612812519000002,-17.726817130999997,0.470804393
47.37357259380098,1999.0,1004.0,1187.0,109.0,-25.76065445,-17.812239647,0.44574976
47.45921696574225,1999.0,1021.0,1211.0,109.0,-25.900983811,-17.885523796,0.420776308
47.54486133768352,1999.0,1034.0,1218.0,109.0,-26.035747528,-17.960162163,0.39561611399999996
47.6305057096248,1999.0,1023.0,1196.0,109.0,-26.161150931999998,-18.039277077,0.369957745
47.71615008156607,1999.0,1023.0,1202.0,109.0,-26.274907112,-18.118683814999997,0.34429353500000004
47.80179445350734,1999.0,1046.0,1221.0,109.0,-26.449286461,-18.255076408,0.302599669
47.88743882544861,1999.0,1014.0,1191.0,109.0,-26.536483288,-18.328949928,0.278296352
47.97308319738988,1999.0,1030.0,1220.0,109.0,-26.615444184,-18.392827034,0.256368339
48.05872756933116,1999.0,1033.0,1207.0,109.0,-26.691759348,-18.466546058,0.23548764
48.14437194127243,1999.0,1039.0,1217.0,109.0,-26.763248682,-18.52631855,0.21480661600000006
48.2300163132137,1999.0,1042.0,1221.0,109.0,-26.830583334,-18.576334953,0.19541096700000005
48.315660685154974,1999.0,1029.0,1203.0,109.0,-26.898238898,-18.619044304,0.17512196300000005
48.401305057096245,1999.0,1051.0,1228.0,109.0,-26.963750124,-18.655194282000004,0.155030966
48.48694942903752,1999.0,1049.0,1229.0,109.0,-27.012034893,-18.678454399000003,0.136803448
48.572593800978794,1999.0,1040.0,1219.0,109.0,-27.059446097,-18.703627586000003,0.11815875799999997
48.658238172920065,1999.0,1059.0,1234.0,109.0,-27.107074499,-18.728899956,0.09915918099999999
48.743882544861336,1999.0,1040.0,1224.0,109.0,-27.128458739,-18.734326361999997,0.08316516900000004
48.82952691680261,1999.0,1046.0,1222.0,109.0,-27.164420843000002,-18.752787589999997,0.06709247800000007
48.915171288743885,1999.0,1056.0,1236.0,109.0,-27.192620516,-18.771906852999997,0.05212158
49.000815660685156,1999.0,1052.0,1231.0,109.0,-27.195572615,-18.759156227,0.03987252699999999
49.08646003262643,1999.0,1046.0,1232.0,109.0,-27.221893788,-18.753626822999998,0.022032618999999976
49.1721044045677,1999.0,1052.0,1223.0,109.0,-27.23199606,-18.728127479,0.00774693500000001
49.257748776508976,1999.0,1053.0,1236.0,109.0,-27.227402449,-18.685763359,-0.0046770569999999845
49.34339314845025,1999.0,1054.0,1240.0,109.0,-27.234405756,-18.650038719,-0.018762469000000004
49.42903752039152,1999.0,1027.0,1205.0,109.0,-27.230747938,-18.60406208,-0.031727165
49.51468189233279,1999.0,1051.0,1222.0,109.0,-27.210995436,-18.552010535999997,-0.042977094999999965
49.60032626427406,1999.0,1065.0,1251.0,109.0,-27.195124626000002,-18.507514,-0.05525734999999998
49.68597063621534,1999.0,1047.0,1247.0,109.0,-27.166354895,-18.461258888000003,-0.06726381199999998
49.77161500815661,1999.0,1042.0,1214.0,109.0,-27.131503582,-18.400565147000002,-0.078846961
49.85725938009788,1999.0,1058.0,1237.0,109.0,-27.107523918000002,-18.349841118,-0.09181010699999997
49.94290375203915,1999.0,1042.0,1229.0,109.0,-27.07212162,-18.279440880000003,-0.10223427399999996
50.02854812398042,1999.0,1058.0,1217.0,109.0,-27.033599377,-18.194766043999998,-0.11153715799999997
50.1141924959217,1999.0,1069.0,1245.0,109.0,-27.018251419000002,-18.13798809,-0.12461584799999997
50.19983686786297,1999.0,1061.0,1239.0,109.0,-26.97179699,-18.058506965,-0.13400354999999997
50.28548123980424,1999.0,1083.0,1252.0,109.0,-26.921090841,-17.975066185000003,-0.142489135
50.37112561174551,1999.0,1053.0,1227.0,109.0,-26.817370415,-17.791737556,-0.15803810899999998
50.45676998368678,1999.0,1078.0,1243.0,109.0,-26.769654513,-17.693818092,-0.168531895
50.54241435562806,1999.0,1096.0,1235.0,109.0,-26.710977078,-17.583273886999997,-0.17795434599999999
50.62805872756933,1999.0,1095.0,1273.0,109.0,-26.630846024,-17.448428154,-0.183989048
50.7137030995106,1999.0,1081.0,1261.0,109.0,-26.567382813000002,-17.327822685,-0.192006022
50.799347471451874,1999.0,1031.0,1185.0,109.0,-26.498988629,-17.190102576999998,-0.20014822499999996
50.884991843393145,1999.0,1075.0,1218.0,109.0,-26.415571213,-17.037434578000003,-0.207487792
50.97063621533442,1999.0,1087.0,1233.0,109.0,-26.348038197,-16.906599997999997,-0.219773889
51.056280587275694,1999.0,1117.0,1267.0,109.0,-26.265016556,-16.775542258999998,-0.23205265399999997
51.141924959216965,1999.0,1141.0,1278.0,109.0,-26.158938885,-16.608160972,-0.253724754
51.227569331158236,1999.0,1140.0,1292.0,109.0,-26.060453891999998,-16.470890998999998,-0.266182005
51.313213703099514,1999.0,1118.0,1262.0,109.0,-25.927660942,-16.292365074000003,-0.26980757699999997
51.398858075040785,1999.0,1122.0,1268.0,109.0,-25.8280859,-16.109677315,-0.265467852
51.484502446982056,1999.0,1135.0,1295.0,109.0,-25.788282395,-15.977713585000002,-0.26536259
51.57014681892333,1999.0,1158.0,1351.0,109.0,-25.658752918,-15.916335106,-0.265786141
51.6557911908646,1999.0,1130.0,1339.0,109.0,-25.591348648,-16.01267147,-0.270093411
51.741435562805876,1999.0,1107.0,1270.0,109.0,-25.472635746,-16.012116432,-0.267895907
51.82707993474715,1999.0,1076.0,1225.0,109.0,-25.300643921000002,-15.907418251000001,-0.264554232
51.91272430668842,1999.0,1103.0,1279.0,109.0,-25.208920956,-15.778368949999999,-0.26195663199999997
51.99836867862969,1999.0,1184.0,1361.0,109.0,-25.143119812000002,-15.671492576,-0.25592792
52.08401305057096,1999.0,1194.0,1382.0,109.0,-25.187195301,-15.697575569,-0.26103737899999996
52.16965742251224,1999.0,1174.0,1381.0,109.0,-25.276746273,-15.556811333,-0.25491666799999996
52.25530179445351,1999.0,1177.0,1445.0,109.0,-25.380633354,-15.352532386999998,-0.24518555399999997
52.34094616639478,1999.0,1090.0,1284.0,109.0,-25.441648007,-15.172497749,-0.23605525499999996
52.42659053833605,1999.0,1103.0,1238.0,109.0,-25.475866318,-15.014468193,-0.228586316
52.51223491027732,1999.0,1108.0,1272.0,109.0,-25.456855774,-14.837058067,-0.217302114
52.5978792822186,1999.0,1192.0,1344.0,109.0,-25.438334942,-14.693306923,-0.208117247
52.68352365415987,1999.0,1240.0,1400.0,109.0,-25.398292542,-14.54808712,-0.19778194999999998
52.76916802610114,1999.0,1207.0,1361.0,109.0,-25.322287083,-14.381896019000001,-0.183760643
52.85481239804241,1999.0,1187.0,1301.0,109.0,-25.233235359,-14.220467567000002,-0.16293823699999999
52.94045676998369,1999.0,1180.0,1280.0,109.0,-25.197575569,-14.196837425,-0.151215553
53.02610114192496,1999.0,1186.0,1252.0,109.0,-25.189667702,-14.229563713,-0.14275506099999996
53.11174551386623,1999.0,1259.0,1308.0,109.0,-25.196468353,-14.284152031,-0.13469526199999998
53.1973898858075,1999.0,1263.0,1354.0,109.0,-25.21227932,-14.358227730000001,-0.126999378
53.283034257748774,1999.0,1259.0,1340.0,109.0,-25.24351883,-14.467503547000002,-0.12155032099999996
53.36867862969005,1999.0,1260.0,1299.0,109.0,-25.272552490000002,-14.578484535,-0.11443784800000001
53.45432300163132,1999.0,1254.0,1279.0,109.0,-25.324846268,-14.715920448,-0.109624416
53.539967373572594,1999.0,1256.0,1282.0,109.0,-25.38721323,-14.868121147000002,-0.10578310499999999
53.625611745513865,1999.0,1282.0,1336.0,109.0,-25.452462673,-15.026823997,-0.10092213699999997
53.711256117455136,1999.0,1312.0,1339.0,109.0,-25.533857822999998,-15.204310417,-0.09836229699999999
53.796900489396414,1999.0,1287.0,1275.0,109.0,-25.623871803,-15.396944999,-0.09667429299999997
53.882544861337685,1999.0,1329.0,1340.0,109.0,-25.723138333,-15.601340294000002,-0.095907837
53.968189233278956,1999.0,1340.0,1352.0,109.0,-25.838241577,-15.817111015,-0.09681323199999997
54.05383360522023,1999.0,1348.0,1327.0,109.0,-25.957901001,-16.043454169999997,-0.09816113099999996
54.1394779771615,1999.0,1333.0,1324.0,109.0,-26.289134979,-16.642630577,-0.107121825
54.225122349102776,1999.0,1339.0,1362.0,109.0,-26.438947678,-16.903689384000003,-0.11279988299999999
54.31076672104405,1999.0,1374.0,1396.0,109.0,-26.59506321,-17.172558784000003,-0.11914202600000001
54.39641109298532,1999.0,1360.0,1379.0,109.0,-26.759612799,-17.442677498000002,-0.12686836699999998
54.48205546492659,1999.0,1318.0,1398.0,109.0,-26.935684443,-17.716277122,-0.13594529
54.56769983686786,1999.0,1293.0,1358.0,109.0,-27.117503405,-17.993687629999997,-0.14632424699999996
54.65334420880914,1999.0,1327.0,1338.0,109.0,-27.332442761,-18.317221641000003,-0.15989634399999997
54.73898858075041,1999.0,1299.0,1371.0,109.0,-27.504500866,-18.590847969000002,-0.17000481499999998
54.82463295269168,1999.0,1319.0,1394.0,109.0,-27.536720991,-18.735983848000004,-0.16718336899999997
54.91027732463295,1999.0,1333.0,1392.0,109.0,-27.528198242000002,-18.818163872,-0.168838769
54.99592169657423,1999.0,1309.0,1374.0,109.0,-27.494050265,-18.857483864000002,-0.16517737499999996
55.0815660685155,1999.0,1288.0,1368.0,109.0,-27.46707654,-18.883450508000003,-0.161524683
55.16721044045677,1999.0,1314.0,1347.0,109.0,-27.448715449,-18.901661873000002,-0.164580077
55.25285481239804,1999.0,1302.0,1369.0,109.0,-27.437615395,-18.916752815000002,-0.16016620399999998
55.33849918433931,1999.0,1343.0,1403.0,109.0,-27.428527832,-18.935132025999998,-0.163152277
55.42414355628059,1999.0,1312.0,1363.0,109.0,-27.428202629,-18.943127632,-0.163344115
55.50978792822186,1999.0,1317.0,1378.0,109.0,-27.429747105,-18.949013710000003,-0.16838905199999998
55.59543230016313,1999.0,1337.0,1417.0,109.0,-27.433588267,-18.955801964000003,-0.17149180199999997
55.6810766721044,1999.0,1328.0,1396.0,109.0,-27.438453674,-18.962115288,-0.17820125799999997
55.766721044045674,1999.0,1288.0,1341.0,109.0,-27.444181681,-18.968298912,-0.18710506
55.85236541598695,1999.0,1320.0,1389.0,109.0,-27.451615334,-18.976071358,-0.19220700899999998
55.93800978792822,1999.0,1332.0,1393.0,109.0,-27.459103346,-18.983555793999997,-0.20286411
56.023654159869494,1999.0,1298.0,1344.0,109.0,-27.467475653,-18.991919517,-0.21077009999999996
56.109298531810765,1999.0,1297.0,1342.0,109.0,-27.476188898,-19.000584602000004,-0.219699353
56.194942903752036,1999.0,1346.0,1406.0,109.0,-27.484745979,-19.009251594,-0.227214217
56.280587275693314,1999.0,1387.0,1448.0,109.0,-27.493721247,-19.018359183999998,-0.22924935799999996
56.366231647634585,1999.0,1327.0,1381.0,109.0,-27.502350807,-19.027024269,-0.231633007
56.451876019575856,1999.0,1324.0,1388.0,109.0,-27.510878325,-19.035326958,-0.232348353
56.53752039151713,1999.0,1344.0,1418.0,109.0,-27.519104719,-19.043120383999998,-0.231525451
56.6231647634584,1999.0,1339.0,1399.0,109.0,-27.533325195,-19.055584907000004,-0.22921893
56.708809135399676,1999.0,1306.0,1374.0,109.0,-27.540253401,-19.061343193,-0.227153689
56.79445350734095,1999.0,1334.0,1389.0,109.0,-27.54664135,-19.066460609000004,-0.225627124
56.88009787928222,1999.0,1303.0,1354.0,109.0,-27.552753449,-19.070860863,-0.222241819
56.96574225122349,1999.0,1325.0,1386.0,109.0,-27.558195114,-19.074645042,-0.22012347
57.05138662316477,1999.0,1358.0,1418.0,109.0,-27.563291073000002,-19.077897072,-0.21721523999999998
57.13703099510604,1999.0,1339.0,1392.0,109.0,-27.568040371000002,-19.080679893000003,-0.214380324
57.22267536704731,1999.0,1334.0,1399.0,109.0,-27.57240057,-19.083010672999997,-0.212447524
57.30831973898858,1999.0,1364.0,1417.0,109.0,-27.576663256,-19.084870338,-0.20888108
57.39396411092985,1999.0,1330.0,1373.0,109.0,-27.580538750000002,-19.086470604,-0.20619440099999997
57.47960848287113,1999.0,1313.0,1370.0,109.0,-27.584424973,-19.087695122,-0.203438073
57.5652528548124,1999.0,1361.0,1411.0,109.0,-27.588126183,-19.088717459999998,-0.20020532599999996
57.65089722675367,1999.0,1369.0,1433.0,109.0,-27.591378689,-19.089699744999997,-0.197774053
57.73654159869494,1999.0,1385.0,1439.0,109.0,-27.59486413,-19.090325354999997,-0.19448804799999997
57.82218597063621,1999.0,1398.0,1465.0,109.0,-27.598079443,-19.090903282,-0.19185513199999998
57.90783034257749,1999.0,1368.0,1438.0,109.0,-27.604137898,-19.091616629999997,-0.18624824299999998
57.99347471451876,1999.0,1361.0,1435.0,109.0,-27.606891155,-19.091969489999997,-0.183930278
58.07911908646003,1999.0,1359.0,1421.0,109.0,-27.609763146,-19.092041969,-0.181108773
58.1647634584013,1999.0,1357.0,1447.0,109.0,-27.612526655,-19.092078209,-0.178383976
58.250407830342574,1999.0,1374.0,1450.0,109.0,-27.615274906,-19.092034339999998,-0.176073015
58.33605220228385,1999.0,1343.0,1424.0,109.0,-27.618219853,-19.091595650000002,-0.173274606
58.42169657422512,1999.0,1364.0,1442.0,109.0,-27.621112108,-19.091132164,-0.17104887999999996
58.507340946166394,1999.0,1371.0,1470.0,109.0,-27.624043703,-19.090317726000002,-0.16855141499999998
58.592985318107665,1999.0,1403.0,1513.0,109.0,-27.626941681,-19.089476585,-0.16622903899999997
58.678629690048936,0.0,0.0,0.0,0.0,-27.629715681,-19.088625907999997,-0.16418734199999996
58.764274061990214,0.0,0.0,0.0,0.0,-27.632409096,-19.087607384000002,-0.16174566699999998
58.849918433931485,0.0,0.0,0.0,0.0,-27.634935856,-19.086726188,-0.15954414
58.935562805872756,0.0,0.0,0.0,0.0,-27.637246132,-19.085867882000002,-0.157215506
59.02120717781403,0.0,0.0,0.0,0.0,-27.639284611,-19.085129738,-0.15485280699999998
59.106851549755305,0.0,0.0,0.0,0.0,-27.641134501,-19.084551810999997,-0.152635097
59.192495921696576,0.0,0.0,0.0,0.0,-27.643504381,-19.083901405,-0.14844196999999998
59.27814029363785,0.0,0.0,0.0,0.0,-27.644681931,-19.083752632,-0.14616554999999998
59.36378466557912,0.0,0.0,0.0,0.0,-27.64563179,-19.083762169000003,-0.143650681
59.44942903752039,0.0,0.0,0.0,0.0,-27.64643383,-19.084008216999997,-0.141173035
59.53507340946167,0.0,0.0,0.0,0.0,-27.647148133,-19.08434391,-0.13872519099999997
59.62071778140294,0.0,0.0,0.0,0.0,-27.647743702,-19.084849357000003,-0.136238933
59.70636215334421,0.0,0.0,0.0,0.0,-27.648308516,-19.085349082999997,-0.13377746899999998
59.79200652528548,0.0,0.0,0.0,0.0,-27.649064541,-19.085713386000002,-0.13134485499999998
59.87765089722675,0.0,0.0,0.0,0.0,-27.649815321,-19.086081505000003,-0.128848195
59.96329526916803,0.0,0.0,0.0,0.0,-27.650633335000002,-19.086388588,-0.12642511699999998
