__time,/fmu/in/actuator_motors/control[0],/fmu/in/actuator_motors/control[10],/fmu/in/actuator_motors/control[11],/fmu/in/actuator_motors/control[1],/fmu/in/actuator_motors/control[2],/fmu/in/actuator_motors/control[3],/fmu/in/actuator_motors/control[4],/fmu/in/actuator_motors/control[5],/fmu/in/actuator_motors/control[6],/fmu/in/actuator_motors/control[7],/fmu/in/actuator_motors/control[8],/fmu/in/actuator_motors/control[9],/fmu/in/actuator_motors/reversible_flags,/fmu/in/actuator_motors/timestamp,/fmu/in/actuator_motors/timestamp_sample,/fmu/out/actuator_outputs/noutputs,/fmu/out/actuator_outputs/output[0],/fmu/out/actuator_outputs/output[10],/fmu/out/actuator_outputs/output[11],/fmu/out/actuator_outputs/output[12],/fmu/out/actuator_outputs/output[13],/fmu/out/actuator_outputs/output[14],/fmu/out/actuator_outputs/output[15],/fmu/out/actuator_outputs/output[1],/fmu/out/actuator_outputs/output[2],/fmu/out/actuator_outputs/output[3],/fmu/out/actuator_outputs/output[4],/fmu/out/actuator_outputs/output[5],/fmu/out/actuator_outputs/output[6],/fmu/out/actuator_outputs/output[7],/fmu/out/actuator_outputs/output[8],/fmu/out/actuator_outputs/output[9],/fmu/out/actuator_outputs/timestamp,/fmu/out/sensor_combined/accel_calibration_count,/fmu/out/sensor_combined/accelerometer_clipping,/fmu/out/sensor_combined/accelerometer_integral_dt,/fmu/out/sensor_combined/accelerometer_m_s2[0],/fmu/out/sensor_combined/accelerometer_m_s2[1],/fmu/out/sensor_combined/accelerometer_m_s2[2],/fmu/out/sensor_combined/accelerometer_timestamp_relative,/fmu/out/sensor_combined/gyro_calibration_count,/fmu/out/sensor_combined/gyro_clipping,/fmu/out/sensor_combined/gyro_integral_dt,/fmu/out/sensor_combined/gyro_rad[0],/fmu/out/sensor_combined/gyro_rad[1],/fmu/out/sensor_combined/gyro_rad[2],/fmu/out/sensor_combined/timestamp,/fmu/out/vehicle_attitude/delta_q_reset[0],/fmu/out/vehicle_attitude/delta_q_reset[1],/fmu/out/vehicle_attitude/delta_q_reset[2],/fmu/out/vehicle_attitude/delta_q_reset[3],/fmu/out/vehicle_attitude/q[0],/fmu/out/vehicle_attitude/q[1],/fmu/out/vehicle_attitude/q[2],/fmu/out/vehicle_attitude/q[3],/fmu/out/vehicle_attitude/quat_reset_counter,/fmu/out/vehicle_attitude/timestamp,/fmu/out/vehicle_attitude/timestamp_sample,/fmu/out/vehicle_local_position/ax,/fmu/out/vehicle_local_position/ay,/fmu/out/vehicle_local_position/az,/fmu/out/vehicle_local_position/dead_reckoning,/fmu/out/vehicle_local_position/delta_heading,/fmu/out/vehicle_local_position/delta_vxy[0],/fmu/out/vehicle_local_position/delta_vxy[1],/fmu/out/vehicle_local_position/delta_vz,/fmu/out/vehicle_local_position/delta_xy[0],/fmu/out/vehicle_local_position/delta_xy[1],/fmu/out/vehicle_local_position/delta_z,/fmu/out/vehicle_local_position/dist_bottom,/fmu/out/vehicle_local_position/dist_bottom_sensor_bitfield,/fmu/out/vehicle_local_position/dist_bottom_valid,/fmu/out/vehicle_local_position/eph,/fmu/out/vehicle_local_position/epv,/fmu/out/vehicle_local_position/evh,/fmu/out/vehicle_local_position/evv,/fmu/out/vehicle_local_position/heading,/fmu/out/vehicle_local_position/heading_good_for_control,/fmu/out/vehicle_local_position/heading_reset_counter,/fmu/out/vehicle_local_position/heading_var,/fmu/out/vehicle_local_position/ref_timestamp,/fmu/out/vehicle_local_position/tilt_var,/fmu/out/vehicle_local_position/timestamp,/fmu/out/vehicle_local_position/timestamp_sample,/fmu/out/vehicle_local_position/unaided_heading,/fmu/out/vehicle_local_position/v_xy_valid,/fmu/out/vehicle_local_position/v_z_valid,/fmu/out/vehicle_local_position/vx,/fmu/out/vehicle_local_position/vxy_reset_counter,/fmu/out/vehicle_local_position/vy,/fmu/out/vehicle_local_position/vz,/fmu/out/vehicle_local_position/vz_reset_counter,/fmu/out/vehicle_local_position/x,/fmu/out/vehicle_local_position/xy_global,/fmu/out/vehicle_local_position/xy_reset_counter,/fmu/out/vehicle_local_position/xy_valid,/fmu/out/vehicle_local_position/y,/fmu/out/vehicle_local_position/z,/fmu/out/vehicle_local_position/z_deriv,/fmu/out/vehicle_local_position/z_global,/fmu/out/vehicle_local_position/z_reset_counter,/fmu/out/vehicle_local_position/z_valid,/fmu/out/vehicle_odometry/angular_velocity[0],/fmu/out/vehicle_odometry/angular_velocity[1],/fmu/out/vehicle_odometry/angular_velocity[2],/fmu/out/vehicle_odometry/orientation_variance[0],/fmu/out/vehicle_odometry/orientation_variance[1],/fmu/out/vehicle_odometry/orientation_variance[2],/fmu/out/vehicle_odometry/pose_frame,/fmu/out/vehicle_odometry/position[0],/fmu/out/vehicle_odometry/position[1],/fmu/out/vehicle_odometry/position[2],/fmu/out/vehicle_odometry/position_variance[0],/fmu/out/vehicle_odometry/position_variance[1],/fmu/out/vehicle_odometry/position_variance[2],/fmu/out/vehicle_odometry/q[0],/fmu/out/vehicle_odometry/q[1],/fmu/out/vehicle_odometry/q[2],/fmu/out/vehicle_odometry/q[3],/fmu/out/vehicle_odometry/quality,/fmu/out/vehicle_odometry/reset_counter,/fmu/out/vehicle_odometry/timestamp,/fmu/out/vehicle_odometry/timestamp_sample,/fmu/out/vehicle_odometry/velocity[0],/fmu/out/vehicle_odometry/velocity[1],/fmu/out/vehicle_odometry/velocity[2],/fmu/out/vehicle_odometry/velocity_frame,/fmu/out/vehicle_odometry/velocity_variance[0],/fmu/out/vehicle_odometry/velocity_variance[1],/fmu/out/vehicle_odometry/velocity_variance[2],m_0,m_1,m_2,m_3,pz
1721040010.682975,,,,,,,,,,,,,,,,,,,,,,,,,,,,,,,,,,1.000000000,0.000000000,6008.000000000,0.090291448,-0.293441951,-9.843135834,0.000000000,1.000000000,0.000000000,5007.000000000,-0.001415096,-0.002066195,-0.008244187,1721040010717939.000000000,,,,,,,,,,,,,,,,,,,,,,,,,,,,,,,,,,,,,,,,,,,,,,,,,,,,,,,,,,,,,,,,,,,,,,,,,,,,,,,,,,,,,,,,
1721040010.683726,,,,,,,,,,,,,,,,,,,,,,,,,,,,,,,,,,,,,,,,,,,,,,,,1.000000000,0.000000000,0.000000000,0.000000000,0.999973893,0.000211662,-0.007001047,-0.001795934,0.000000000,1721040010719206.000000000,1721040010717939.000000000,,,,,,,,,,,,,,,,,,,,,,,,,,,,,,,,,,,,,,,,,,,,,,,,,,,,,,,,,,,,,,,,,,,,,,,,,,,,,
1721040010.683771,,,,,,,,,,,,,,,,,,,,,,,,,,,,,,,,,,,,,,,,,,,,,,,,,,,,,,,,,,,0.078748479,-0.054456104,0.082024321,1.000000000,0.000000000,0.008333903,-0.006738368,0.002460076,0.000000000,0.000000000,0.000000000,0.060813963,0.000000000,1.000000000,0.014887595,0.305483043,0.044039551,0.059123911,-0.003595098,0.000000000,0.000000000,0.006826694,0.000000000,0.000157424,1721040010719499.000000000,1721040010717939.000000000,0.011812747,0.000000000,1.000000000,0.000137974,5.000000000,0.001207079,0.205251306,1.000000000,-0.014646674,0.000000000,5.000000000,0.000000000,-0.014077123,0.005941061,0.002077110,0.000000000,1.000000000,1.000000000,,,,,,,,,,,,,,,,,,,,,,,,,,,,,,,,,
1721040010.683866,,,,,,,,,,,,,,,,,,,,,,,,,,,,,,,,,,,,,,,,,,,,,,,,,,,,,,,,,,,,,,,,,,,,,,,,,,,,,,,,,,,,,,,,,,,,,,,,,,,,,,,-0.001863563,-0.001216434,-0.001630686,0.000079005,0.000079665,0.006825448,1.000000000,-0.014646674,-0.014077123,0.005941061,0.000110819,0.000110821,0.093319885,0.999973893,0.000211662,-0.007001047,-0.001795934,0.000000000,8.000000000,1721040010719504.000000000,1721040010717939.000000000,0.000137974,0.001207079,0.205251306,1.000000000,0.000969712,0.000969770,0.003495637,,,,,-0.005941061
1721040010.695985,,,,,,,,,,,,,,,,,,,,,,,,,,,,,,,,,,1.000000000,0.000000000,6008.000000000,-0.053543586,-0.396921426,-9.867452621,0.000000000,1.000000000,0.000000000,6462.000000000,0.004840754,-0.001032472,-0.007836739,1721040010724401.000000000,,,,,,,,,,,,,,,,,,,,,,,,,,,,,,,,,,,,,,,,,,,,,,,,,,,,,,,,,,,,,,,,,,,,,,,,,,,,,,,,,,,,,,,,
1721040010.696337,,,,,,,,,,,,,,,,,,,,,,,,,,,,,,,,,,,,,,,,,,,,,,,,1.000000000,0.000000000,0.000000000,0.000000000,0.999973893,0.000223809,-0.007002572,-0.001801065,0.000000000,1721040010724697.000000000,1721040010724401.000000000,,,,,,,,,,,,,,,,,,,,,,,,,,,,,,,,,,,,,,,,,,,,,,,,,,,,,,,,,,,,,,,,,,,,,,,,,,,,,
1721040010.696524,,,,,,,,,,,,,,,,8.000000000,0.000000000,0.000000000,0.000000000,0.000000000,0.000000000,0.000000000,0.000000000,551.000000000,0.000000000,0.000000000,0.000000000,0.000000000,0.000000000,0.000000000,0.000000000,0.000000000,1721040010730335.000000000,,,,,,,,,,,,,,,,,,,,,,,,,,,,,,,,,,,,,,,,,,,,,,,,,,,,,,,,,,,,,,,,,,,,,,,,,,,,,,,,,,,,,,,,,,,,,,,,,,0.180208412,-0.039240000,-0.039240000,-0.039240000,
1721040010.696654,,,,,,,,,,,,,,,,,,,,,,,,,,,,,,,,,,,,,,,,,,,,,,,,,,,,,,,,,,,0.011179926,0.026985176,0.067845121,1.000000000,0.000000000,0.008333903,-0.006738368,0.002460076,0.000000000,0.000000000,0.000000000,0.062583208,0.000000000,1.000000000,0.015245401,0.305726707,0.044542845,0.059246421,-0.003607208,0.000000000,0.000000000,0.006827730,0.000000000,0.000157483,1721040010730883.000000000,1721040010729408.000000000,0.011806037,0.000000000,1.000000000,-0.000206290,5.000000000,0.000383694,0.205145225,1.000000000,-0.014657072,0.000000000,5.000000000,0.000000000,-0.014066827,0.006108330,0.002367454,0.000000000,1.000000000,1.000000000,,,,,,,,,,,,,,,,,,,,,,,,,,,,,,,,,
1721040010.697066,,,,,,,,,,,,,,,,,,,,,,,,,,,,,,,,,,,,,,,,,,,,,,,,,,,,,,,,,,,,,,,,,,,,,,,,,,,,,,,,,,,,,,,,,,,,,,,,,,,,,,,-0.000774237,0.000239723,0.000170032,0.000079039,0.000079695,0.006826479,1.000000000,-0.014657072,-0.014066827,0.006108330,0.000116210,0.000116212,0.093468823,0.999973893,0.000219799,-0.007002878,-0.001801931,0.000000000,8.000000000,1721040010730889.000000000,1721040010729408.000000000,-0.000206290,0.000383694,0.205145225,1.000000000,0.000992007,0.000992058,0.003510138,,,,,-0.006108330
1721040010.710462,,,,,,,,,,,,,,,,,,,,,,,,,,,,,,,,,,1.000000000,0.000000000,5007.000000000,0.042190958,-0.229462326,-9.807527542,0.000000000,1.000000000,0.000000000,4881.000000000,-0.002741181,0.000831001,-0.006541105,1721040010740844.000000000,,,,,,,,,,,,,,,,,,,,,,,,,,,,,,,,,,,,,,,,,,,,,,,,,,,,,,,,,,,,,,,,,,,,,,,,,,,,,,,,,,,,,,,,
1721040010.710524,,,,,,,,,,,,,,,,,,,,,,,,,,,,,,,,,,1.000000000,0.000000000,6008.000000000,-0.011658601,-0.169824347,-9.845626831,0.000000000,1.000000000,0.000000000,6133.000000000,-0.002853248,-0.002156280,-0.005715454,1721040010746977.000000000,,,,,,,,,,,,,,,,,,,,,,,,,,,,,,,,,,,,,,,,,,,,,,,,,,,,,,,,,,,,,,,,,,,,,,,,,,,,,,,,,,,,,,,,
1721040010.710534,,,,,,,,,,,,,,,,,,,,,,,,,,,,,,,,,,,,,,,,,,,,,,,,1.000000000,0.000000000,0.000000000,0.000000000,0.999973774,0.000233043,-0.007014348,-0.001807877,0.000000000,1721040010742247.000000000,1721040010740844.000000000,,,,,,,,,,,,,,,,,,,,,,,,,,,,,,,,,,,,,,,,,,,,,,,,,,,,,,,,,,,,,,,,,,,,,,,,,,,,,
1721040010.710556,,,,,,,,,,,,,,,,,,,,,,,,,,,,,,,,,,,,,,,,,,,,,,,,,,,,,,,,,,,0.030639151,0.010086097,0.116986662,1.000000000,0.000000000,0.008333903,-0.006738368,0.002460076,0.000000000,0.000000000,0.000000000,0.061392926,0.000000000,1.000000000,0.015662953,0.304843634,0.045165643,0.059370536,-0.003619292,0.000000000,0.000000000,0.006828919,0.000000000,0.000157560,1721040010742567.000000000,1721040010740844.000000000,0.011799409,0.000000000,1.000000000,-0.000687058,5.000000000,-0.000209148,0.205272198,1.000000000,-0.014672686,0.000000000,5.000000000,0.000000000,-0.014063354,0.006148749,0.002842696,0.000000000,1.000000000,1.000000000,,,,,,,,,,,,,,,,,,,,,,,,,,,,,,,,,
1721040010.710601,,,,,,,,,,,,,,,,,,,,,,,,,,,,,,,,,,,,,,,,,,,,,,,,,,,,,,,,,,,,,,,,,,,,,,,,,,,,,,,,,,,,,,,,,,,,,,,,,,,,,,,-0.003189653,0.001680762,0.000072396,0.000079076,0.000079733,0.006827669,1.000000000,-0.014672686,-0.014063354,0.006148749,0.000122663,0.000122665,0.092929646,0.999973774,0.000233043,-0.007014348,-0.001807877,0.000000000,8.000000000,1721040010742575.000000000,1721040010740844.000000000,-0.000687058,-0.000209148,0.205272198,1.000000000,0.001019945,0.001019990,0.003524860,,,,,-0.006148749
1721040010.712741,,,,,,,,,,,,,,,,,,,,,,,,,,,,,,,,,,,,,,,,,,,,,,,,1.000000000,0.000000000,0.000000000,0.000000000,0.999973714,0.000220906,-0.007019207,-0.001806433,0.000000000,1721040010747675.000000000,1721040010746977.000000000,,,,,,,,,,,,,,,,,,,,,,,,,,,,,,,,,,,,,,,,,,,,,,,,,,,,,,,,,,,,,,,,,,,,,,,,,,,,,
1721040010.713465,,,,,,,,,,,,,,,,,,,,,,,,,,,,,,,,,,,,,,,,,,,,,,,,,,,,,,,,,,,0.104506657,0.197896913,0.074677289,1.000000000,0.000000000,0.008333903,-0.006738368,0.002460076,0.000000000,0.000000000,0.000000000,0.063120164,0.000000000,1.000000000,0.016044063,0.305094063,0.045683127,0.059498083,-0.003604261,0.000000000,0.000000000,0.006829978,0.000000000,0.000157621,1721040010753796.000000000,1721040010752986.000000000,0.011818445,0.000000000,1.000000000,-0.000201262,5.000000000,0.001384562,0.205478311,1.000000000,-0.014688144,0.000000000,5.000000000,0.000000000,-0.014054902,0.006571095,0.003463127,0.000000000,1.000000000,1.000000000,,,,,,,,,,,,,,,,,,,,,,,,,,,,,,,,,
1721040010.713501,,,,,,,,,,,,,,,,,,,,,,,,,,,,,,,,,,,,,,,,,,,,,,,,,,,,,,,,,,,,,,,,,,,,,,,,,,,,,,,,,,,,,,,,,,,,,,,,,,,,,,,-0.007195838,0.003924657,0.002398899,0.000079106,0.000079764,0.006828730,1.000000000,-0.014688144,-0.014054902,0.006571095,0.000128705,0.000128707,0.093082383,0.999973893,0.000197272,-0.007008249,-0.001800614,0.000000000,8.000000000,1721040010753803.000000000,1721040010752986.000000000,-0.000201262,0.001384562,0.205478311,1.000000000,0.001043473,0.001043475,0.003540022,,,,,-0.006571095
1721040010.714016,,,,,,,,,,,,,,,,,,,,,,,,,,,,,,,,,,1.000000000,0.000000000,6008.000000000,0.151753455,-0.178771898,-9.841599464,0.000000000,1.000000000,0.000000000,5006.000000000,-0.003119610,-0.003844395,-0.005157551,1721040010757992.000000000,,,,,,,,,,,,,,,,,,,,,,,,,,,,,,,,,,,,,,,,,,,,,,,,,,,,,,,,,,,,,,,,,,,,,,,,,,,,,,,,,,,,,,,,
1721040010.715373,,,,,,,,,,,,,,,,,,,,,,,,,,,,,,,,,,,,,,,,,,,,,,,,1.000000000,0.000000000,0.000000000,0.000000000,0.999973714,0.000186324,-0.007016589,-0.001798276,0.000000000,1721040010759281.000000000,1721040010757992.000000000,,,,,,,,,,,,,,,,,,,,,,,,,,,,,,,,,,,,,,,,,,,,,,,,,,,,,,,,,,,,,,,,,,,,,,,,,,,,,
1721040010.722982,,,,,,,,,,,,,,,,,,,,,,,,,,,,,,,,,,,,,,,,,,,,,,,,,,,,,,,,,,,0.005600682,-0.141341329,0.043970931,1.000000000,0.000000000,0.008333903,-0.006738368,0.002460076,0.000000000,0.000000000,0.000000000,0.065020204,0.000000000,1.000000000,0.016478879,0.305375576,0.046302311,0.059654821,-0.003590165,0.000000000,0.000000000,0.006831167,0.000000000,0.000157699,1721040010764990.000000000,1721040010764455.000000000,0.011837139,0.000000000,1.000000000,0.000671368,5.000000000,0.000878403,0.205549479,1.000000000,-0.014690757,0.000000000,5.000000000,0.000000000,-0.014034288,0.007024344,0.004061329,0.000000000,1.000000000,1.000000000,,,,,,,,,,,,,,,,,,,,,,,,,,,,,,,,,
1721040010.723309,0.180000007,0.000000000,0.000000000,-0.579999983,-0.439999998,-0.419999987,0.000000000,0.000000000,0.000000000,0.000000000,0.000000000,0.000000000,0.000000000,1721040010723098.000000000,0.000000000,,,,,,,,,,,,,,,,,,,,,,,,,,,,,,,,,,,,,,,,,,,,,,,,,,,,,,,,,,,,,,,,,,,,,,,,,,,,,,,,,,,,,,,,,,,,,,,,,,,,,,,,,,,,,,,,,,,,,,,,
1721040010.724754,,,,,,,,,,,,,,,,,,,,,,,,,,,,,,,,,,,,,,,,,,,,,,,,,,,,,,,,,,,,,,,,,,,,,,,,,,,,,,,,,,,,,,,,,,,,,,,,,,,,,,,-0.000698671,0.001341190,0.001813828,0.000079144,0.000079802,0.006829919,1.000000000,-0.014690757,-0.014034288,0.007024344,0.000135776,0.000135778,0.093254238,0.999973834,0.000182055,-0.007013114,-0.001793672,0.000000000,8.000000000,1721040010764997.000000000,1721040010764455.000000000,0.000671368,0.000878403,0.205549479,1.000000000,0.001071930,0.001071974,0.003558697,,,,,-0.007024344
1721040010.724847,,,,,,,,,,,,,,,,,,,,,,,,,,,,,,,,,,1.000000000,0.000000000,5006.000000000,0.011079179,-0.257234454,-9.820160866,0.000000000,1.000000000,0.000000000,5006.000000000,0.000798278,0.000758246,-0.005509338,1721040010769461.000000000,,,,,,,,,,,,,,,,,,,,,,,,,,,,,,,,,,,,,,,,,,,,,,,,,,,,,,,,,,,,,,,,,,,,,,,,,,,,,,,,,,,,,,,,
1721040010.729490,,,,,,,,,,,,,,,,,,,,,,,,,,,,,,,,,,,,,,,,,,,,,,,,1.000000000,0.000000000,0.000000000,0.000000000,0.999973834,0.000180989,-0.007009936,-0.001792130,0.000000000,1721040010770553.000000000,1721040010769461.000000000,,,,,,,,,,,,,,,,,,,,,,,,,,,,,,,,,,,,,,,,,,,,,,,,,,,,,,,,,,,,,,,,,,,,,,,,,,,,,
1721040010.740322,,,,,,,,,,,,,,,,,,,,,,,,,,,,,,,,,,,,,,,,,,,,,,,,,,,,,,,,,,,-0.110327743,-0.181885928,0.029737491,1.000000000,0.000000000,0.008333903,-0.006738368,0.002460076,0.000000000,0.000000000,0.000000000,0.067055352,0.000000000,1.000000000,0.016917869,0.305655599,0.046907272,0.059809346,-0.003606506,0.000000000,0.000000000,0.006822104,0.000000000,0.000157772,1721040010776632.000000000,1721040010775470.000000000,0.011826035,0.000000000,1.000000000,-0.000001237,5.000000000,-0.000322398,0.205567300,1.000000000,-0.014692981,0.000000000,5.000000000,0.000000000,-0.014025532,0.007323148,0.004707141,0.000000000,1.000000000,1.000000000,,,,,,,,,,,,,,,,,,,,,,,,,,,,,,,,,
1721040010.741030,,,,,,,,,,,,,,,,,,,,,,,,,,,,,,,,,,,,,,,,,,,,,,,,,,,,,,,,,,,,,,,,,,,,,,,,,,,,,,,,,,,,,,,,,,,,,,,,,,,,,,,0.004133441,-0.002439448,-0.002830925,0.000079184,0.000079839,0.006820853,1.000000000,-0.014692981,-0.014025532,0.007323148,0.000143106,0.000143108,0.093425348,0.999973774,0.000191525,-0.007018131,-0.001801775,0.000000000,8.000000000,1721040010776684.000000000,1721040010775470.000000000,-0.000001237,-0.000322398,0.205567300,1.000000000,0.001100116,0.001100176,0.003577158,,,,,-0.007323148
1721040010.741860,,,,,,,,,,,,,,,,8.000000000,0.000000000,0.000000000,0.000000000,0.000000000,0.000000000,0.000000000,0.000000000,551.000000000,0.000000000,0.000000000,0.000000000,0.000000000,0.000000000,0.000000000,0.000000000,0.000000000,1721040010780340.000000000,,,,,,,,,,,,,,,,,,,,,,,,,,,,,,,,,,,,,,,,,,,,,,,,,,,,,,,,,,,,,,,,,,,,,,,,,,,,,,,,,,,,,,,,,,,,,,,,,,0.180208412,-0.039240000,-0.039240000,-0.039240000,
1721040010.742135,,,,,,,,,,,,,,,,,,,,,,,,,,,,,,,,,,1.000000000,0.000000000,6009.000000000,-0.099362060,-0.421191335,-9.892714500,0.000000000,1.000000000,0.000000000,6009.000000000,0.004582185,-0.003289316,-0.009443110,1721040010775470.000000000,,,,,,,,,,,,,,,,,,,,,,,,,,,,,,,,,,,,,,,,,,,,,,,,,,,,,,,,,,,,,,,,,,,,,,,,,,,,,,,,,,,,,,,,
1721040010.747604,,,,,,,,,,,,,,,,8.000000000,0.000000000,0.000000000,0.000000000,0.000000000,0.000000000,0.000000000,0.000000000,551.000000000,0.000000000,0.000000000,0.000000000,0.000000000,0.000000000,0.000000000,0.000000000,0.000000000,1721040010780630.000000000,,,,,,,,,,,,,,,,,,,,,,,,,,,,,,,,,,,,,,,,,,,,,,,,,,,,,,,,,,,,,,,,,,,,,,,,,,,,,,,,,,,,,,,,,,,,,,,,,,0.180208412,-0.039240000,-0.039240000,-0.039240000,
1721040010.747733,,,,,,,,,,,,,,,,,,,,,,,,,,,,,,,,,,,,,,,,,,,,,,,,1.000000000,0.000000000,0.000000000,0.000000000,0.999973774,0.000191525,-0.007018131,-0.001801775,0.000000000,1721040010776264.000000000,1721040010775470.000000000,,,,,,,,,,,,,,,,,,,,,,,,,,,,,,,,,,,,,,,,,,,,,,,,,,,,,,,,,,,,,,,,,,,,,,,,,,,,,
1721040010.752604,,,,,,,,,,,,,,,,,,,,,,,,,,,,,,,,,,1.000000000,0.000000000,6008.000000000,0.053253263,-0.050641030,-9.763573647,0.000000000,1.000000000,0.000000000,6008.000000000,-0.005390227,0.000233844,-0.004195932,1721040010787486.000000000,,,,,,,,,,,,,,,,,,,,,,,,,,,,,,,,,,,,,,,,,,,,,,,,,,,,,,,,,,,,,,,,,,,,,,,,,,,,,,,,,,,,,,,,
1721040010.752672,,,,,,,,,,,,,,,,,,,,,,,,,,,,,,,,,,,,,,,,,,,,,,,,1.000000000,0.000000000,0.000000000,0.000000000,0.999973714,0.000175662,-0.007027411,-0.001801920,0.000000000,1721040010788070.000000000,1721040010787486.000000000,,,,,,,,,,,,,,,,,,,,,,,,,,,,,,,,,,,,,,,,,,,,,,,,,,,,,,,,,,,,,,,,,,,,,,,,,,,,,
1721040010.752698,,,,,,,,,,,,,,,,,,,,,,,,,,,,,,,,,,,,,,,,,,,,,,,,,,,,,,,,,,,0.041968167,0.187760428,0.161155730,1.000000000,0.000000000,0.008333903,-0.006738368,0.002460076,0.000000000,0.000000000,0.000000000,0.068395384,0.000000000,1.000000000,0.010951661,0.305901945,0.037148170,0.059928376,-0.003606578,0.000000000,0.000000000,0.006823047,0.000000000,0.000156442,1721040010788432.000000000,1721040010787486.000000000,0.011832542,0.000000000,1.000000000,-0.000205399,5.000000000,0.000846032,0.206593215,1.000000000,-0.014704022,0.000000000,5.000000000,0.000000000,-0.014024397,0.007980646,0.006404593,0.000000000,1.000000000,1.000000000,,,,,,,,,,,,,,,,,,,,,,,,,,,,,,,,,
1721040010.752738,,,,,,,,,,,,,,,,,,,,,,,,,,,,,,,,,,,,,,,,,,,,,,,,,,,,,,,,,,,,,,,,,,,,,,,,,,,,,,,,,,,,,,,,,,,,,,,,,,,,,,,-0.005839150,0.001083809,0.002416265,0.000078521,0.000079174,0.006821794,1.000000000,-0.014704022,-0.014024397,0.007980646,0.000059969,0.000059970,0.093575999,0.999973714,0.000175662,-0.007027411,-0.001801920,0.000000000,8.000000000,1721040010788438.000000000,1721040010787486.000000000,-0.000205399,0.000846032,0.206593215,1.000000000,0.000689978,0.000690008,0.003591410,,,,,-0.007980646
1721040010.763366,,,,,,,,,,,,,,,,,,,,,,,,,,,,,,,,,,1.000000000,0.000000000,6007.000000000,0.144116327,-0.075949162,-9.805430412,0.000000000,1.000000000,0.000000000,6007.000000000,-0.006692629,0.003506511,-0.006426174,1721040010798500.000000000,,,,,,,,,,,,,,,,,,,,,,,,,,,,,,,,,,,,,,,,,,,,,,,,,,,,,,,,,,,,,,,,,,,,,,,,,,,,,,,,,,,,,,,,
1721040010.763415,,,,,,,,,,,,,,,,,,,,,,,,,,,,,,,,,,,,,,,,,,,,,,,,1.000000000,0.000000000,0.000000000,0.000000000,0.999973774,0.000157922,-0.007015832,-0.001806733,0.000000000,1721040010799281.000000000,1721040010798500.000000000,,,,,,,,,,,,,,,,,,,,,,,,,,,,,,,,,,,,,,,,,,,,,,,,,,,,,,,,,,,,,,,,,,,,,,,,,,,,,
1721040010.763436,,,,,,,,,,,,,,,,,,,,,,,,,,,,,,,,,,,,,,,,,,,,,,,,,,,,,,,,,,,0.133095607,0.161795229,0.120559059,1.000000000,0.000000000,0.008333903,-0.006738368,0.002460076,0.000000000,0.000000000,0.000000000,0.038573194,0.000000000,1.000000000,0.011202483,0.304186225,0.037482746,0.057544775,-0.003615952,0.000000000,0.000000000,0.006824228,0.000000000,0.000156433,1721040010799656.000000000,1721040010798500.000000000,0.011829671,0.000000000,1.000000000,0.000618335,5.000000000,0.001573751,0.206298441,1.000000000,-0.014711336,0.000000000,5.000000000,0.000000000,-0.014013507,0.006936610,0.005283706,0.000000000,1.000000000,1.000000000,,,,,,,,,,,,,,,,,,,,,,,,,,,,,,,,,
1721040010.763471,,,,,,,,,,,,,,,,,,,,,,,,,,,,,,,,,,,,,,,,,,,,,,,,,,,,,,,,,,,,,,,,,,,,,,,,,,,,,,,,,,,,,,,,,,,,,,,,,,,,,,,-0.007141604,0.004356517,0.000186031,0.000078514,0.000079178,0.006822968,1.000000000,-0.014711336,-0.014013507,0.006936610,0.000062748,0.000062748,0.092529252,0.999973774,0.000157922,-0.007015832,-0.001806733,0.000000000,8.000000000,1721040010799710.000000000,1721040010798500.000000000,0.000618335,0.001573751,0.206298441,1.000000000,0.000702482,0.000702474,0.003311401,,,,,-0.006936610
1721040010.774460,0.180000007,0.000000000,0.000000000,-0.579999983,-0.439999998,-0.419999987,0.000000000,0.000000000,0.000000000,0.000000000,0.000000000,0.000000000,0.000000000,1721040010774055.000000000,0.000000000,,,,,,,,,,,,,,,,,,,,,,,,,,,,,,,,,,,,,,,,,,,,,,,,,,,,,,,,,,,,,,,,,,,,,,,,,,,,,,,,,,,,,,,,,,,,,,,,,,,,,,,,,,,,,,,,,,,,,,,,
1721040010.822800,,,,,,,,,,,,,,,,,,,,,,,,,,,,,,,,,,1.000000000,0.000000000,6008.000000000,-0.074090168,-0.440757602,-9.901225090,0.000000000,1.000000000,0.000000000,6008.000000000,0.004987766,-0.002108425,-0.009505898,1721040010810516.000000000,,,,,,,,,,,,,,,,,,,,,,,,,,,,,,,,,,,,,,,,,,,,,,,,,,,,,,,,,,,,,,,,,,,,,,,,,,,,,,,,,,,,,,,,
1721040010.822854,,,,,,,,,,,,,,,,,,,,,,,,,,,,,,,,,,1.000000000,0.000000000,6009.000000000,-0.064645566,-0.352840483,-9.878763199,0.000000000,1.000000000,0.000000000,6009.000000000,0.005251132,-0.006030105,-0.008510739,1721040010816525.000000000,,,,,,,,,,,,,,,,,,,,,,,,,,,,,,,,,,,,,,,,,,,,,,,,,,,,,,,,,,,,,,,,,,,,,,,,,,,,,,,,,,,,,,,,
1721040010.822872,,,,,,,,,,,,,,,,,,,,,,,,,,,,,,,,,,,,,,,,,,,,,,,,1.000000000,0.000000000,0.000000000,0.000000000,0.999973774,0.000154902,-0.007015896,-0.001818769,0.000000000,1721040010810965.000000000,1721040010810516.000000000,,,,,,,,,,,,,,,,,,,,,,,,,,,,,,,,,,,,,,,,,,,,,,,,,,,,,,,,,,,,,,,,,,,,,,,,,,,,,
1721040010.822889,,,,,,,,,,,,,,,,,,,,,,,,,,,,,,,,,,,,,,,,,,,,,,,,1.000000000,0.000000000,0.000000000,0.000000000,0.999973655,0.000166503,-0.007032784,-0.001826010,0.000000000,1721040010816813.000000000,1721040010816525.000000000,,,,,,,,,,,,,,,,,,,,,,,,,,,,,,,,,,,,,,,,,,,,,,,,,,,,,,,,,,,,,,,,,,,,,,,,,,,,,
1721040010.822900,,,,,,,,,,,,,,,,,,,,,,,,,,,,,,,,,,,,,,,,,,,,,,,,,,,,,,,,,,,-0.085858524,-0.200702816,0.021377366,1.000000000,0.000000000,0.008333903,-0.006738368,0.002460076,0.000000000,0.000000000,0.000000000,0.041247725,0.000000000,1.000000000,0.011478385,0.304429203,0.038057003,0.057681583,-0.003639983,0.000000000,0.000000000,0.006825312,0.000000000,0.000156496,1721040010811301.000000000,1721040010810516.000000000,0.011812267,0.000000000,1.000000000,0.000424180,5.000000000,0.000060456,0.205458939,1.000000000,-0.014709566,0.000000000,5.000000000,0.000000000,-0.014000372,0.006274534,0.003763335,0.000000000,1.000000000,1.000000000,,,,,,,,,,,,,,,,,,,,,,,,,,,,,,,,,
1721040010.822937,,,,,,,,,,,,,,,,,,,,,,,,,,,,,,,,,,,,,,,,,,,,,,,,,,,,,,,,,,,0.042922694,0.008214559,0.103479557,1.000000000,0.000000000,0.008333903,-0.006738368,0.002460076,0.000000000,0.000000000,0.000000000,0.041195516,0.000000000,1.000000000,0.011790063,0.303547502,0.038719382,0.057811089,-0.003645376,0.000000000,0.000000000,0.006826498,0.000000000,0.000156572,1721040010823033.000000000,1721040010821531.000000000,0.011813943,0.000000000,1.000000000,0.000174792,5.000000000,-0.000594526,0.204970211,1.000000000,-0.014714898,0.000000000,5.000000000,0.000000000,-0.014004641,0.005314130,0.002597009,0.000000000,1.000000000,1.000000000,,,,,,,,,,,,,,,,,,,,,,,,,,,,,,,,,
1721040010.822962,,,,,,,,,,,,,,,,,,,,,,,,,,,,,,,,,,,,,,,,,,,,,,,,,,,,,,,,,,,,,,,,,,,,,,,,,,,,,,,,,,,,,,,,,,,,,,,,,,,,,,,0.004538795,-0.001258420,-0.002893691,0.000078550,0.000079210,0.006824049,1.000000000,-0.014709566,-0.014000372,0.006274534,0.000065876,0.000065877,0.092677131,0.999973774,0.000154902,-0.007015896,-0.001818769,0.000000000,8.000000000,1721040010811307.000000000,1721040010810516.000000000,0.000424180,0.000060456,0.205458939,1.000000000,0.000724163,0.000724172,0.003327165,,,,,-0.006274534
1721040010.822985,,,,,,,,,,,,,,,,,,,,,,,,,,,,,,,,,,,,,,,,,,,,,,,,,,,,,,,,,,,,,,,,,,,,,,,,,,,,,,,,,,,,,,,,,,,,,,,,,,,,,,,0.002853099,0.000223220,0.002494865,0.000078592,0.000079248,0.006825231,1.000000000,-0.014714898,-0.014004641,0.005314130,0.000069502,0.000069503,0.092141084,0.999973655,0.000170762,-0.007033539,-0.001821350,0.000000000,8.000000000,1721040010823041.000000000,1721040010821531.000000000,0.000174792,-0.000594526,0.204970211,1.000000000,0.000749576,0.000749615,0.003342122,,,,,-0.005314130
1721040010.823033,,,,,,,,,,,,,,,,8.000000000,0.000000000,0.000000000,0.000000000,0.000000000,0.000000000,0.000000000,0.000000000,551.000000000,0.000000000,0.000000000,0.000000000,0.000000000,0.000000000,0.000000000,0.000000000,0.000000000,1721040010830631.000000000,,,,,,,,,,,,,,,,,,,,,,,,,,,,,,,,,,,,,,,,,,,,,,,,,,,,,,,,,,,,,,,,,,,,,,,,,,,,,,,,,,,,,,,,,,,,,,,,,,0.180208412,-0.039240000,-0.039240000,-0.039240000,
1721040010.823057,,,,,,,,,,,,,,,,8.000000000,0.000000000,0.000000000,0.000000000,0.000000000,0.000000000,0.000000000,0.000000000,551.000000000,0.000000000,0.000000000,0.000000000,0.000000000,0.000000000,0.000000000,0.000000000,0.000000000,1721040010835183.000000000,,,,,,,,,,,,,,,,,,,,,,,,,,,,,,,,,,,,,,,,,,,,,,,,,,,,,,,,,,,,,,,,,,,,,,,,,,,,,,,,,,,,,,,,,,,,,,,,,,0.180208412,-0.039240000,-0.039240000,-0.039240000,
1721040010.823070,,,,,,,,,,,,,,,,,,,,,,,,,,,,,,,,,,1.000000000,0.000000000,6008.000000000,-0.023484150,-0.120364815,-9.836381912,0.000000000,1.000000000,0.000000000,6008.000000000,-0.002074394,-0.002131433,-0.005715465,1721040010827539.000000000,,,,,,,,,,,,,,,,,,,,,,,,,,,,,,,,,,,,,,,,,,,,,,,,,,,,,,,,,,,,,,,,,,,,,,,,,,,,,,,,,,,,,,,,
1721040010.823087,,,,,,,,,,,,,,,,,,,,,,,,,,,,,,,,,,1.000000000,0.000000000,5007.000000000,-0.032812569,-0.310876846,-9.907417297,0.000000000,1.000000000,0.000000000,5007.000000000,0.005329449,-0.003656466,-0.007334413,1721040010838554.000000000,,,,,,,,,,,,,,,,,,,,,,,,,,,,,,,,,,,,,,,,,,,,,,,,,,,,,,,,,,,,,,,,,,,,,,,,,,,,,,,,,,,,,,,,
1721040010.823099,,,,,,,,,,,,,,,,,,,,,,,,,,,,,,,,,,,,,,,,,,,,,,,,1.000000000,0.000000000,0.000000000,0.000000000,0.999973595,0.000160438,-0.007038628,-0.001820275,0.000000000,1721040010828299.000000000,1721040010827539.000000000,,,,,,,,,,,,,,,,,,,,,,,,,,,,,,,,,,,,,,,,,,,,,,,,,,,,,,,,,,,,,,,,,,,,,,,,,,,,,
1721040010.823112,,,,,,,,,,,,,,,,,,,,,,,,,,,,,,,,,,,,,,,,,,,,,,,,1.000000000,0.000000000,0.000000000,0.000000000,0.999973595,0.000155133,-0.007035345,-0.001812813,0.000000000,1721040010839945.000000000,1721040010838554.000000000,,,,,,,,,,,,,,,,,,,,,,,,,,,,,,,,,,,,,,,,,,,,,,,,,,,,,,,,,,,,,,,,,,,,,,,,,,,,,
1721040010.823127,,,,,,,,,,,,,,,,,,,,,,,,,,,,,,,,,,,,,,,,,,,,,,,,,,,,,,,,,,,0.095232293,0.234356582,0.113459863,1.000000000,0.000000000,0.008333903,-0.006738368,0.002460076,0.000000000,0.000000000,0.000000000,0.043795198,0.000000000,1.000000000,0.012085529,0.303792000,0.039286844,0.057948172,-0.003621404,0.000000000,0.000000000,0.006827583,0.000000000,0.000156636,1721040010834462.000000000,1721040010833547.000000000,0.011843537,0.000000000,1.000000000,0.000533302,5.000000000,0.001512502,0.204979271,1.000000000,-0.014719243,0.000000000,5.000000000,0.000000000,-0.014001124,0.004737391,0.002066095,0.000000000,1.000000000,1.000000000,,,,,,,,,,,,,,,,,,,,,,,,,,,,,,,,,
1721040010.823149,,,,,,,,,,,,,,,,,,,,,,,,,,,,,,,,,,,,,,,,,,,,,,,,,,,,,,,,,,,0.122317001,0.092891447,0.072450675,1.000000000,0.000000000,0.008333903,-0.006738368,0.002460076,0.000000000,0.000000000,0.000000000,0.046427906,0.000000000,1.000000000,0.012388363,0.304036230,0.039846122,0.058083240,-0.003623644,0.000000000,0.000000000,0.006828661,0.000000000,0.000156699,1721040010845619.000000000,1721040010844562.000000000,0.011847305,0.000000000,1.000000000,0.001044684,5.000000000,0.001695681,0.204366028,1.000000000,-0.014718866,0.000000000,5.000000000,0.000000000,-0.013986247,0.004112815,0.001041374,0.000000000,1.000000000,1.000000000,,,,,,,,,,,,,,,,,,,,,,,,,,,,,,,,,
1721040010.823171,,,,,,,,,,,,,,,,,,,,,,,,,,,,,,,,,,,,,,,,,,,,,,,,,,,,,,,,,,,,,,,,,,,,,,,,,,,,,,,,,,,,,,,,,,,,,,,,,,,,,,,-0.004011520,0.004262441,0.004120580,0.000078621,0.000079280,0.006826319,1.000000000,-0.014719243,-0.014001124,0.004737391,0.000073030,0.000073030,0.092289574,0.999973774,0.000145605,-0.007027059,-0.001809544,0.000000000,8.000000000,1721040010834470.000000000,1721040010833547.000000000,0.000533302,0.001512502,0.204979271,1.000000000,0.000771712,0.000771744,0.003357991,,,,,-0.004737391
1721040010.823187,,,,,,,,,,,,,,,,,,,,,,,,,,,,,,,,,,,,,,,,,,,,,,,,,,,,,,,,,,,,,,,,,,,,,,,,,,,,,,,,,,,,,,,,,,,,,,,,,,,,,,,-0.005285013,0.002955217,0.001246008,0.000078648,0.000079311,0.006827401,1.000000000,-0.014718866,-0.013986247,0.004112815,0.000076735,0.000076736,0.092438035,0.999973655,0.000136556,-0.007027679,-0.001810727,0.000000000,8.000000000,1721040010845628.000000000,1721040010844562.000000000,0.001044684,0.001695681,0.204366028,1.000000000,0.000793849,0.000793865,0.003373663,,,,,-0.004112815
1721040010.823223,,,,,,,,,,,,,,,,,,,,,,,,,,,,,,,,,,1.000000000,0.000000000,6008.000000000,-0.003707246,-0.393878579,-9.863957405,0.000000000,1.000000000,0.000000000,6008.000000000,0.003965643,0.000026226,-0.007650340,1721040010850570.000000000,,,,,,,,,,,,,,,,,,,,,,,,,,,,,,,,,,,,,,,,,,,,,,,,,,,,,,,,,,,,,,,,,,,,,,,,,,,,,,,,,,,,,,,,
1721040010.823239,,,,,,,,,,,,,,,,,,,,,,,,,,,,,,,,,,,,,,,,,,,,,,,,1.000000000,0.000000000,0.000000000,0.000000000,0.999973774,0.000144563,-0.007026255,-0.001815255,0.000000000,1721040010851244.000000000,1721040010850570.000000000,,,,,,,,,,,,,,,,,,,,,,,,,,,,,,,,,,,,,,,,,,,,,,,,,,,,,,,,,,,,,,,,,,,,,,,,,,,,,
1721040010.825312,0.280000001,0.000000000,0.000000000,-0.579999983,-0.439999998,-0.419999987,0.000000000,0.000000000,0.000000000,0.000000000,0.000000000,0.000000000,0.000000000,1721040010825107.000000000,0.000000000,,,,,,,,,,,,,,,,,,,,,,,,,,,,,,,,,,,,,,,,,,,,,,,,,,,,,,,,,,,,,,,,,,,,,,,,,,,,,,,,,,,,,,,,,,,,,,,,,,,,,,,,,,,,,,,,,,,,,,,,
1721040010.851628,,,,,,,,,,,,,,,,,,,,,,,,,,,,,,,,,,1.000000000,0.000000000,6008.000000000,-0.100571044,-0.460441500,-9.890725136,0.000000000,1.000000000,0.000000000,6008.000000000,0.008211889,-0.003091824,-0.010312183,1721040010856578.000000000,,,,,,,,,,,,,,,,,,,,,,,,,,,,,,,,,,,,,,,,,,,,,,,,,,,,,,,,,,,,,,,,,,,,,,,,,,,,,,,,,,,,,,,,
1721040010.851684,,,,,,,,,,,,,,,,,,,,,,,,,,,,,,,,,,1.000000000,0.000000000,6008.000000000,0.022863852,-0.025386168,-9.813243866,0.000000000,1.000000000,0.000000000,6008.000000000,-0.003409736,0.001600139,-0.003496354,1721040010868594.000000000,,,,,,,,,,,,,,,,,,,,,,,,,,,,,,,,,,,,,,,,,,,,,,,,,,,,,,,,,,,,,,,,,,,,,,,,,,,,,,,,,,,,,,,,
1721040010.851696,,,,,,,,,,,,,,,,,,,,,,,,,,,,,,,,,,,,,,,,,,,,,,,,1.000000000,0.000000000,0.000000000,0.000000000,0.999973595,0.000165364,-0.007034217,-0.001827689,0.000000000,1721040010857235.000000000,1721040010856578.000000000,,,,,,,,,,,,,,,,,,,,,,,,,,,,,,,,,,,,,,,,,,,,,,,,,,,,,,,,,,,,,,,,,,,,,,,,,,,,,
1721040010.851714,,,,,,,,,,,,,,,,,,,,,,,,,,,,,,,,,,,,,,,,,,,,,,,,1.000000000,0.000000000,0.000000000,0.000000000,0.999973595,0.000150463,-0.007037652,-0.001822133,0.000000000,1721040010868911.000000000,1721040010868594.000000000,,,,,,,,,,,,,,,,,,,,,,,,,,,,,,,,,,,,,,,,,,,,,,,,,,,,,,,,,,,,,,,,,,,,,,,,,,,,,
1721040010.851725,,,,,,,,,,,,,,,,,,,,,,,,,,,,,,,,,,,,,,,,,,,,,,,,,,,,,,,,,,,-0.112211160,-0.220074728,0.031486742,1.000000000,0.000000000,0.008333903,-0.006738368,0.002460076,0.000000000,0.000000000,0.000000000,0.049045116,0.000000000,1.000000000,0.012732545,0.304306954,0.040501259,0.058245245,-0.003657978,0.000000000,0.000000000,0.006829852,0.000000000,0.000156777,1721040010857542.000000000,1721040010856578.000000000,0.011819791,0.000000000,1.000000000,0.000272036,5.000000000,-0.000573854,0.203812003,1.000000000,-0.014715001,0.000000000,5.000000000,0.000000000,-0.013978985,0.003742313,0.000220024,0.000000000,1.000000000,1.000000000,,,,,,,,,,,,,,,,,,,,,,,,,,,,,,,,,
1721040010.851771,,,,,,,,,,,,,,,,,,,,,,,,,,,,,,,,,,,,,,,,,,,,,,,,,,,,,,,,,,,,,,,,,,,,,,,,,,,,,,,,,,,,,,,,,,,,,,,,,,,,,,,0.007762922,-0.002241820,-0.003699977,0.000078693,0.000079350,0.006828586,1.000000000,-0.014715001,-0.013978985,0.003742313,0.000081058,0.000081059,0.092602722,0.999973595,0.000165364,-0.007034217,-0.001827689,0.000000000,8.000000000,1721040010857550.000000000,1721040010856578.000000000,0.000272036,-0.000573854,0.203812003,1.000000000,0.000820162,0.000820190,0.003392508,,,,,-0.003742313
1721040010.851845,,,,,,,,,,,,,,,,,,,,,,,,,,,,,,,,,,,,,,,,,,,,,,,,,,,,,,,,,,,0.011773732,0.214205563,0.110846952,1.000000000,0.000000000,0.008333903,-0.006738368,0.002460076,0.000000000,0.000000000,0.000000000,0.051308516,0.000000000,1.000000000,0.013055705,0.304555058,0.041060023,0.058380939,-0.003646658,0.000000000,0.000000000,0.006830936,0.000000000,0.000156841,1721040010869212.000000000,1721040010868594.000000000,0.011836651,0.000000000,1.000000000,-0.000034858,5.000000000,0.000926249,0.203515217,1.000000000,-0.014720027,0.000000000,5.000000000,0.000000000,-0.013980835,0.003522476,-0.000229621,0.000000000,1.000000000,1.000000000,,,,,,,,,,,,,,,,,,,,,,,,,,,,,,,,,
1721040010.851864,,,,,,,,,,,,,,,,,,,,,,,,,,,,,,,,,,,,,,,,,,,,,,,,,,,,,,,,,,,0.109001510,0.177838236,0.111222088,1.000000000,0.000000000,0.008333903,-0.006738368,0.002460076,0.000000000,0.000000000,0.000000000,0.053832002,0.000000000,1.000000000,0.013402798,0.304815710,0.041657072,0.058529504,-0.003654245,0.000000000,0.000000000,0.006832071,0.000000000,0.000156911,1721040010880664.000000000,1721040010879608.000000000,0.011834452,0.000000000,1.000000000,0.000653420,5.000000000,0.001800991,0.203563690,1.000000000,-0.014722634,0.000000000,5.000000000,0.000000000,-0.013970016,0.003239000,-0.000216430,0.000000000,1.000000000,1.000000000,,,,,,,,,,,,,,,,,,,,,,,,,,,,,,,,,
1721040010.851882,,,,,,,,,,,,,,,,,,,,,,,,,,,,,,,,,,,,,,,,,,,,,,,,,,,,,,,,,,,,,,,,,,,,,,,,,,,,,,,,,,,,,,,,,,,,,,,,,,,,,,,-0.003858700,0.002450139,0.003115852,0.000078729,0.000079382,0.006829666,1.000000000,-0.014720027,-0.013980835,0.003522476,0.000085225,0.000085226,0.092753783,0.999973595,0.000150463,-0.007037652,-0.001822133,0.000000000,8.000000000,1721040010869218.000000000,1721040010868594.000000000,-0.000034858,0.000926249,0.203515217,1.000000000,0.000842941,0.000842984,0.003408334,,,,,-0.003522476
1721040010.851909,,,,,,,,,,,,,,,,,,,,,,,,,,,,,,,,,,1.000000000,0.000000000,5006.000000000,0.018611666,-0.274301380,-9.852564812,0.000000000,1.000000000,0.000000000,5006.000000000,0.002397262,-0.001500189,-0.007112427,1721040010873600.000000000,,,,,,,,,,,,,,,,,,,,,,,,,,,,,,,,,,,,,,,,,,,,,,,,,,,,,,,,,,,,,,,,,,,,,,,,,,,,,,,,,,,,,,,,
1721040010.851919,,,,,,,,,,,,,,,,,,,,,,,,,,,,,,,,,,,,,,,,,,,,,,,,1.000000000,0.000000000,0.000000000,0.000000000,0.999973595,0.000152841,-0.007040449,-0.001824793,0.000000000,1721040010874877.000000000,1721040010873600.000000000,,,,,,,,,,,,,,,,,,,,,,,,,,,,,,,,,,,,,,,,,,,,,,,,,,,,,,,,,,,,,,,,,,,,,,,,,,,,,
1721040010.852189,,,,,,,,,,,,,,,,8.000000000,0.000000000,0.000000000,0.000000000,0.000000000,0.000000000,0.000000000,0.000000000,551.000000000,0.000000000,0.000000000,0.000000000,0.000000000,0.000000000,0.000000000,0.000000000,0.000000000,1721040010885189.000000000,,,,,,,,,,,,,,,,,,,,,,,,,,,,,,,,,,,,,,,,,,,,,,,,,,,,,,,,,,,,,,,,,,,,,,,,,,,,,,,,,,,,,,,,,,,,,,,,,,0.180208412,-0.039240000,-0.039240000,-0.039240000,
1721040010.852232,,,,,,,,,,,,,,,,,,,,,,,,,,,,,,,,,,,,,,,,,,,,,,,,,,,,,,,,,,,,,,,,,,,,,,,,,,,,,,,,,,,,,,,,,,,,,,,,,,,,,,,-0.005302873,0.003712888,0.000101607,0.000078764,0.000079417,0.006830802,1.000000000,-0.014722634,-0.013970016,0.003239000,0.000089817,0.000089818,0.092912622,0.999973655,0.000134426,-0.007030429,-0.001826041,0.000000000,8.000000000,1721040010880669.000000000,1721040010879608.000000000,0.000653420,0.001800991,0.203563690,1.000000000,0.000867645,0.000867666,0.003425703,,,,,-0.003239000
1721040010.852700,,,,,,,,,,,,,,,,,,,,,,,,,,,,,,,,,,1.000000000,0.000000000,5007.000000000,0.032693986,-0.214705944,-9.861879349,0.000000000,1.000000000,0.000000000,5007.000000000,-0.000581946,-0.000125557,-0.006619521,1721040010890623.000000000,,,,,,,,,,,,,,,,,,,,,,,,,,,,,,,,,,,,,,,,,,,,,,,,,,,,,,,,,,,,,,,,,,,,,,,,,,,,,,,,,,,,,,,,
1721040010.852736,,,,,,,,,,,,,,,,,,,,,,,,,,,,,,,,,,,,,,,,,,,,,,,,1.000000000,0.000000000,0.000000000,0.000000000,0.999973714,0.000115360,-0.007024131,-0.001825972,0.000000000,1721040010892001.000000000,1721040010890623.000000000,,,,,,,,,,,,,,,,,,,,,,,,,,,,,,,,,,,,,,,,,,,,,,,,,,,,,,,,,,,,,,,,,,,,,,,,,,,,,
1721040010.853577,,,,,,,,,,,,,,,,,,,,,,,,,,,,,,,,,,,,,,,,,,,,,,,,,,,,,,,,,,,0.021331996,0.024189537,0.062289547,1.000000000,0.000000000,0.008333903,-0.006738368,0.002460076,0.000000000,0.000000000,0.000000000,0.056137659,0.000000000,1.000000000,0.013759187,0.305077672,0.042251728,0.058676891,-0.003653838,0.000000000,0.000000000,0.006833205,0.000000000,0.000156981,1721040010892301.000000000,1721040010890623.000000000,0.011839893,0.000000000,1.000000000,0.000959877,5.000000000,0.001620606,0.203243732,1.000000000,-0.014717829,0.000000000,5.000000000,0.000000000,-0.013953328,0.002998866,-0.000451649,0.000000000,1.000000000,1.000000000,,,,,,,,,,,,,,,,,,,,,,,,,,,,,,,,,
1721040010.854024,,,,,,,,,,,,,,,,,,,,,,,,,,,,,,,,,,,,,,,,,,,,,,,,,,,,,,,,,,,,,,,,,,,,,,,,,,,,,,,,,,,,,,,,,,,,,,,,,,,,,,,-0.001030920,0.000724448,-0.000007315,0.000078792,0.000079451,0.006831943,1.000000000,-0.014717829,-0.013953328,0.002998866,0.000094657,0.000094658,0.093072385,0.999973714,0.000115360,-0.007024131,-0.001825972,0.000000000,8.000000000,1721040010892310.000000000,1721040010890623.000000000,0.000959877,0.001620606,0.203243732,1.000000000,0.000892603,0.000892606,0.003442978,,,,,-0.002998866
1721040010.868430,,,,,,,,,,,,,,,,,,,,,,,,,,,,,,,,,,1.000000000,0.000000000,6008.000000000,-0.117675550,-0.293339700,-9.899800301,0.000000000,1.000000000,0.000000000,6008.000000000,0.006550797,-0.005940896,-0.008064918,1721040010902639.000000000,,,,,,,,,,,,,,,,,,,,,,,,,,,,,,,,,,,,,,,,,,,,,,,,,,,,,,,,,,,,,,,,,,,,,,,,,,,,,,,,,,,,,,,,
1721040010.868490,,,,,,,,,,,,,,,,,,,,,,,,,,,,,,,,,,1.000000000,0.000000000,6008.000000000,-0.057483561,-0.044657946,-9.766009331,0.000000000,1.000000000,0.000000000,6008.000000000,0.001992811,-0.001203425,0.004482499,1721040010908647.000000000,,,,,,,,,,,,,,,,,,,,,,,,,,,,,,,,,,,,,,,,,,,,,,,,,,,,,,,,,,,,,,,,,,,,,,,,,,,,,,,,,,,,,,,,
1721040010.868507,,,,,,,,,,,,,,,,,,,,,,,,,,,,,,,,,,,,,,,,,,,,,,,,1.000000000,0.000000000,0.000000000,0.000000000,0.999973595,0.000150845,-0.007043304,-0.001836435,0.000000000,1721040010903266.000000000,1721040010902639.000000000,,,,,,,,,,,,,,,,,,,,,,,,,,,,,,,,,,,,,,,,,,,,,,,,,,,,,,,,,,,,,,,,,,,,,,,,,,,,,
1721040010.868525,,,,,,,,,,,,,,,,,,,,,,,,,,,,,,,,,,,,,,,,,,,,,,,,1.000000000,0.000000000,0.000000000,0.000000000,0.999973536,0.000152970,-0.007045436,-0.001804382,0.000000000,1721040010909111.000000000,1721040010908647.000000000,,,,,,,,,,,,,,,,,,,,,,,,,,,,,,,,,,,,,,,,,,,,,,,,,,,,,,,,,,,,,,,,,,,,,,,,,,,,,
1721040010.868535,,,,,,,,,,,,,,,,,,,,,,,,,,,,,,,,,,,,,,,,,,,,,,,,,,,,,,,,,,,-0.128396899,-0.053186387,0.022231182,1.000000000,0.000000000,0.008333903,-0.006738368,0.002460076,0.000000000,0.000000000,0.000000000,0.058335982,0.000000000,1.000000000,0.014131997,0.305346131,0.042863470,0.058828622,-0.003675271,0.000000000,0.000000000,0.006834365,0.000000000,0.000157055,1721040010903574.000000000,1721040010902639.000000000,0.011824799,0.000000000,1.000000000,-0.000430772,5.000000000,-0.000122895,0.202821687,1.000000000,-0.014718095,0.000000000,5.000000000,0.000000000,-0.013948885,0.003061348,-0.000676157,0.000000000,1.000000000,1.000000000,,,,,,,,,,,,,,,,,,,,,,,,,,,,,,,,,
1721040010.868568,,,,,,,,,,,,,,,,,,,,,,,,,,,,,,,,,,,,,,,,,,,,,,,,,,,,,,,,,,,,,,,,,,,,,,,,,,,,,,,,,,,,,,,,,,,,,,,,,,,,,,,0.006101831,-0.005090893,-0.001452712,0.000078835,0.000079488,0.006833097,1.000000000,-0.014718095,-0.013948885,0.003061348,0.000099856,0.000099857,0.093236260,0.999973595,0.000150845,-0.007043304,-0.001836435,0.000000000,8.000000000,1721040010903580.000000000,1721040010902639.000000000,-0.000430772,-0.000122895,0.202821687,1.000000000,0.000918620,0.000918657,0.003460807,,,,,-0.003061348
1721040010.868614,,,,,,,,,,,,,,,,8.000000000,0.000000000,0.000000000,0.000000000,0.000000000,0.000000000,0.000000000,0.000000000,767.000000000,0.000000000,0.000000000,0.000000000,0.000000000,0.000000000,0.000000000,0.000000000,0.000000000,1721040010904211.000000000,,,,,,,,,,,,,,,,,,,,,,,,,,,,,,,,,,,,,,,,,,,,,,,,,,,,,,,,,,,,,,,,,,,,,,,,,,,,,,,,,,,,,,,,,,,,,,,,,,0.280148510,-0.039240000,-0.039240000,-0.039240000,
1721040010.871614,0.280000001,0.000000000,0.000000000,-0.579999983,-0.439999998,-0.419999987,0.000000000,0.000000000,0.000000000,0.000000000,0.000000000,0.000000000,0.000000000,1721040010871408.000000000,0.000000000,,,,,,,,,,,,,,,,,,,,,,,,,,,,,,,,,,,,,,,,,,,,,,,,,,,,,,,,,,,,,,,,,,,,,,,,,,,,,,,,,,,,,,,,,,,,,,,,,,,,,,,,,,,,,,,,,,,,,,,,
1721040010.874045,,,,,,,,,,,,,,,,,,,,,,,,,,,,,,,,,,,,,,,,,,,,,,,,,,,,,,,,,,,0.076022238,0.185025468,0.064601399,1.000000000,0.000000000,0.008333903,-0.006738368,0.002460076,0.000000000,0.000000000,0.000000000,0.057045612,0.000000000,1.000000000,0.014482802,0.304435730,0.043393221,0.058923941,-0.003297571,0.000000000,0.000000000,0.006835431,0.000000000,0.000157116,1721040010915274.000000000,1721040010914655.000000000,0.012207097,0.000000000,1.000000000,-0.000390531,5.000000000,0.002141509,0.203298092,1.000000000,-0.014728917,0.000000000,5.000000000,0.000000000,-0.013938131,0.003150199,-0.000072771,0.000000000,1.000000000,1.000000000,,,,,,,,,,,,,,,,,,,,,,,,,,,,,,,,,
1721040010.874697,,,,,,,,,,,,,,,,,,,,,,,,,,,,,,,,,,,,,,,,,,,,,,,,,,,,,,,,,,,,,,,,,,,,,,,,,,,,,,,,,,,,,,,,,,,,,,,,,,,,,,,-0.007362720,-0.000654562,0.052625563,0.000078867,0.000079519,0.006834161,1.000000000,-0.014728917,-0.013938131,0.003150199,0.000104875,0.000104877,0.092681117,0.999973834,0.000127460,-0.007048444,-0.001647764,0.000000000,8.000000000,1721040010915284.000000000,1721040010914655.000000000,-0.000390531,0.002141509,0.203298092,1.000000000,0.000941461,0.000941511,0.003472031,,,,,-0.003150199
1721040010.875434,,,,,,,,,,,,,,,,,,,,,,,,,,,,,,,,,,1.000000000,0.000000000,6008.000000000,0.086415000,-0.053900801,-9.860371590,0.000000000,1.000000000,0.000000000,6008.000000000,-0.006913756,-0.001504563,0.046013363,1721040010914653.000000000,,,,,,,,,,,,,,,,,,,,,,,,,,,,,,,,,,,,,,,,,,,,,,,,,,,,,,,,,,,,,,,,,,,,,,,,,,,,,,,,,,,,,,,,
1721040010.876442,,,,,,,,,,,,,,,,,,,,,,,,,,,,,,,,,,,,,,,,,,,,,,,,1.000000000,0.000000000,0.000000000,0.000000000,0.999973834,0.000127460,-0.007048444,-0.001647764,0.000000000,1721040010914944.000000000,1721040010914653.000000000,,,,,,,,,,,,,,,,,,,,,,,,,,,,,,,,,,,,,,,,,,,,,,,,,,,,,,,,,,,,,,,,,,,,,,,,,,,,,
1721040010.886952,,,,,,,,,,,,,,,,,,,,,,,,,,,,,,,,,,,,,,,,,,,,,,,,,,,,,,,,,,,0.019123252,-0.213695332,0.055058133,1.000000000,0.000000000,0.008333903,-0.006738368,0.002460076,0.000000000,0.000000000,0.000000000,0.059207696,0.000000000,1.000000000,0.014865787,0.304700553,0.043979239,0.059071090,-0.003212817,0.000000000,0.000000000,0.006836565,0.000000000,0.000157187,1721040010926721.000000000,1721040010925668.000000000,0.012297764,0.000000000,1.000000000,-0.000179713,5.000000000,0.000080290,0.203039482,1.000000000,-0.014735222,0.000000000,5.000000000,0.000000000,-0.013926616,0.003072364,-0.000090224,0.000000000,1.000000000,1.000000000,,,,,,,,,,,,,,,,,,,,,,,,,,,,,,,,,
1721040010.887027,,,,,,,,,,,,,,,,,,,,,,,,,,,,,,,,,,,,,,,,,,,,,,,,,,,,,,,,,,,,,,,,,,,,,,,,,,,,,,,,,,,,,,,,,,,,,,,,,,,,,,,0.004094125,0.009339512,0.000230524,0.000078900,0.000079554,0.006835298,1.000000000,-0.014735222,-0.013926616,0.003072364,0.000110495,0.000110497,0.092842422,0.999974012,0.000153576,-0.007031010,-0.001605209,0.000000000,8.000000000,1721040010926728.000000000,1721040010925668.000000000,-0.000179713,0.000080290,0.203039482,1.000000000,0.000967065,0.000967109,0.003489394,,,,,-0.003072364
1721040010.887081,,,,,,,,,,,,,,,,8.000000000,0.000000000,0.000000000,0.000000000,0.000000000,0.000000000,0.000000000,0.000000000,767.000000000,0.000000000,0.000000000,0.000000000,0.000000000,0.000000000,0.000000000,0.000000000,0.000000000,1721040010927198.000000000,,,,,,,,,,,,,,,,,,,,,,,,,,,,,,,,,,,,,,,,,,,,,,,,,,,,,,,,,,,,,,,,,,,,,,,,,,,,,,,,,,,,,,,,,,,,,,,,,,0.280148510,-0.039240000,-0.039240000,-0.039240000,
1721040010.895372,,,,,,,,,,,,,,,,,,,,,,,,,,,,,,,,,,1.000000000,0.000000000,5883.000000000,0.079220399,0.050921291,-9.785406113,0.000000000,1.000000000,0.000000000,5883.000000000,-0.012415417,-0.001341134,-0.010553887,1721040010931551.000000000,,,,,,,,,,,,,,,,,,,,,,,,,,,,,,,,,,,,,,,,,,,,,,,,,,,,,,,,,,,,,,,,,,,,,,,,,,,,,,,,,,,,,,,,
1721040010.895457,,,,,,,,,,,,,,,,,,,,,,,,,,,,,,,,,,,,,,,,,,,,,,,,1.000000000,0.000000000,0.000000000,0.000000000,0.999974012,0.000113657,-0.007033400,-0.001618298,0.000000000,1721040010932266.000000000,1721040010931551.000000000,,,,,,,,,,,,,,,,,,,,,,,,,,,,,,,,,,,,,,,,,,,,,,,,,,,,,,,,,,,,,,,,,,,,,,,,,,,,,
1721040010.896744,,,,,,,,,,,,,,,,,,,,,,,,,,,,,,,,,,1.000000000,0.000000000,5131.000000000,0.159837157,-0.778209388,-9.794937134,0.000000000,1.000000000,0.000000000,4677.000000000,-0.002016634,-0.000243954,-0.006687986,1721040010936228.000000000,,,,,,,,,,,,,,,,,,,,,,,,,,,,,,,,,,,,,,,,,,,,,,,,,,,,,,,,,,,,,,,,,,,,,,,,,,,,,,,,,,,,,,,,
1721040010.896823,,,,,,,,,,,,,,,,,,,,,,,,,,,,,,,,,,,,,,,,,,,,,,,,1.000000000,0.000000000,0.000000000,0.000000000,0.999974012,0.000105736,-0.007032980,-0.001619743,0.000000000,1721040010938111.000000000,1721040010936228.000000000,,,,,,,,,,,,,,,,,,,,,,,,,,,,,,,,,,,,,,,,,,,,,,,,,,,,,,,,,,,,,,,,,,,,,,,,,,,,,
1721040010.898568,,,,,,,,,,,,,,,,,,,,,,,,,,,,,,,,,,,,,,,,,,,,,,,,,,,,,,,,,,,0.145847708,-0.539929152,0.130878001,1.000000000,0.000000000,0.008333903,-0.006738368,0.002460076,0.000000000,0.000000000,0.000000000,0.061439075,0.000000000,1.000000000,0.015257483,0.304966688,0.044562902,0.059217360,-0.003241216,0.000000000,0.000000000,0.006837701,0.000000000,0.000157257,1721040010938446.000000000,1721040010936228.000000000,0.012272997,0.000000000,1.000000000,0.000967292,5.000000000,-0.001006712,0.203743935,1.000000000,-0.014734682,0.000000000,5.000000000,0.000000000,-0.013921273,0.003128037,0.000950511,0.000000000,1.000000000,1.000000000,,,,,,,,,,,,,,,,,,,,,,,,,,,,,,,,,
1721040010.898890,,,,,,,,,,,,,,,,,,,,,,,,,,,,,,,,,,,,,,,,,,,,,,,,,,,,,,,,,,,,,,,,,,,,,,,,,,,,,,,,,,,,,,,,,,,,,,,,,,,,,,,-0.002465607,0.000606050,-0.000075780,0.000078933,0.000079589,0.006836437,1.000000000,-0.014734682,-0.013921273,0.003128037,0.000116394,0.000116396,0.093004681,0.999974012,0.000105736,-0.007032980,-0.001619743,0.000000000,8.000000000,1721040010938452.000000000,1721040010936228.000000000,0.000967292,-0.001006712,0.203743935,1.000000000,0.000992921,0.000992931,0.003506696,,,,,-0.003128037
1721040010.907152,,,,,,,,,,,,,,,,,,,,,,,,,,,,,,,,,,1.000000000,0.000000000,6007.000000000,0.287420869,-0.135220245,-9.697521210,0.000000000,1.000000000,0.000000000,6008.000000000,0.007163738,0.002540343,-0.012366562,1721040010948244.000000000,,,,,,,,,,,,,,,,,,,,,,,,,,,,,,,,,,,,,,,,,,,,,,,,,,,,,,,,,,,,,,,,,,,,,,,,,,,,,,,,,,,,,,,,
1721040010.908998,,,,,,,,,,,,,,,,,,,,,,,,,,,,,,,,,,,,,,,,,,,,,,,,1.000000000,0.000000000,0.000000000,0.000000000,0.999974012,0.000134082,-0.007034818,-0.001634081,0.000000000,1721040010948791.000000000,1721040010948244.000000000,,,,,,,,,,,,,,,,,,,,,,,,,,,,,,,,,,,,,,,,,,,,,,,,,,,,,,,,,,,,,,,,,,,,,,,,,,,,,
1721040010.909040,,,,,,,,,,,,,,,,,,,,,,,,,,,,,,,,,,,,,,,,,,,,,,,,,,,,,,,,,,,0.274174452,0.103165835,0.230235279,1.000000000,0.000000000,0.008333903,-0.006738368,0.002460076,0.000000000,0.000000000,0.000000000,0.063400902,0.000000000,1.000000000,0.015648158,0.305227786,0.045122508,0.059356183,-0.003270294,0.000000000,0.000000000,0.006838810,0.000000000,0.000157325,1721040010949103.000000000,1721040010948244.000000000,0.012249399,0.000000000,1.000000000,0.001243140,5.000000000,0.000809376,0.204568610,1.000000000,-0.014732987,0.000000000,5.000000000,0.000000000,-0.013922388,0.003272393,0.002203686,0.000000000,1.000000000,1.000000000,,,,,,,,,,,,,,,,,,,,,,,,,,,,,,,,,
1721040010.909077,,,,,,,,,,,,,,,,,,,,,,,,,,,,,,,,,,,,,,,,,,,,,,,,,,,,,,,,,,,,,,,,,,,,,,,,,,,,,,,,,,,,,,,,,,,,,,,,,,,,,,,0.006714767,0.003390346,-0.005754355,0.000078967,0.000079623,0.006837545,1.000000000,-0.014732987,-0.013922388,0.003272393,0.000122431,0.000122434,0.093163997,0.999974012,0.000134082,-0.007034818,-0.001634081,0.000000000,8.000000000,1721040010949110.000000000,1721040010948244.000000000,0.001243140,0.000809376,0.204568610,1.000000000,0.001018003,0.001018038,0.003523156,,,,,-0.003272393
1721040010.918624,,,,,,,,,,,,,,,,,,,,,,,,,,,,,,,,,,1.000000000,0.000000000,6008.000000000,-0.224678010,-0.191701084,-9.929358482,0.000000000,1.000000000,0.000000000,6008.000000000,-0.003388413,-0.005827409,-0.005708765,1721040010954252.000000000,,,,,,,,,,,,,,,,,,,,,,,,,,,,,,,,,,,,,,,,,,,,,,,,,,,,,,,,,,,,,,,,,,,,,,,,,,,,,,,,,,,,,,,,
1721040010.918687,,,,,,,,,,,,,,,,,,,,,,,,,,,,,,,,,,,,,,,,,,,,,,,,1.000000000,0.000000000,0.000000000,0.000000000,0.999973893,0.000120478,-0.007050700,-0.001632603,0.000000000,1721040010954598.000000000,1721040010954252.000000000,,,,,,,,,,,,,,,,,,,,,,,,,,,,,,,,,,,,,,,,,,,,,,,,,,,,,,,,,,,,,,,,,,,,,,,,,,,,,
1721040010.920681,,,,,,,,,,,,,,,,,,,,,,,,,,,,,,,,,,,,,,,,,,,,,,,,,,,,,,,,,,,0.182173714,-0.087047614,0.183456630,1.000000000,0.000000000,0.008333903,-0.006738368,0.002460076,0.000000000,0.000000000,0.000000000,0.065075174,0.000000000,1.000000000,0.016046284,0.305489749,0.045678526,0.059494499,-0.003260816,0.000000000,0.000000000,0.006839917,0.000000000,0.000157392,1721040010960814.000000000,1721040010959713.000000000,0.012263088,0.000000000,1.000000000,0.000929312,5.000000000,0.000555416,0.204896018,1.000000000,-0.014729256,0.000000000,5.000000000,0.000000000,-0.013913971,0.003712837,0.003045981,0.000000000,1.000000000,1.000000000,,,,,,,,,,,,,,,,,,,,,,,,,,,,,,,,,
1721040010.920822,,,,,,,,,,,,,,,,,,,,,,,,,,,,,,,,,,,,,,,,,,,,,,,,,,,,,,,,,,,,,,,,,,,,,,,,,,,,,,,,,,,,,,,,,,,,,,,,,,,,,,,-0.000169417,0.001984821,0.001576027,0.000079004,0.000079656,0.006838649,1.000000000,-0.014729256,-0.013913971,0.003712837,0.000128740,0.000128743,0.093323983,0.999973834,0.000117961,-0.007046229,-0.001629455,0.000000000,8.000000000,1721040010960823.000000000,1721040010959713.000000000,0.000929312,0.000555416,0.204896018,1.000000000,0.001043236,0.001043292,0.003539596,,,,,-0.003712837
1721040010.922165,0.280000001,0.000000000,0.000000000,-0.579999983,-0.439999998,-0.419999987,0.000000000,0.000000000,0.000000000,0.000000000,0.000000000,0.000000000,0.000000000,1721040010921986.000000000,0.000000000,,,,,,,,,,,,,,,,,,,,,,,,,,,,,,,,,,,,,,,,,,,,,,,,,,,,,,,,,,,,,,,,,,,,,,,,,,,,,,,,,,,,,,,,,,,,,,,,,,,,,,,,,,,,,,,,,,,,,,,,
1721040010.939753,,,,,,,,,,,,,,,,,,,,,,,,,,,,,,,,,,1.000000000,0.000000000,6008.000000000,-0.256189972,0.075114332,-9.833995819,0.000000000,1.000000000,0.000000000,6008.000000000,-0.007660714,0.001083203,-0.002304677,1721040010971729.000000000,,,,,,,,,,,,,,,,,,,,,,,,,,,,,,,,,,,,,,,,,,,,,,,,,,,,,,,,,,,,,,,,,,,,,,,,,,,,,,,,,,,,,,,,
1721040010.939835,,,,,,,,,,,,,,,,8.000000000,0.000000000,0.000000000,0.000000000,0.000000000,0.000000000,0.000000000,0.000000000,767.000000000,0.000000000,0.000000000,0.000000000,0.000000000,0.000000000,0.000000000,0.000000000,0.000000000,1721040010977204.000000000,,,,,,,,,,,,,,,,,,,,,,,,,,,,,,,,,,,,,,,,,,,,,,,,,,,,,,,,,,,,,,,,,,,,,,,,,,,,,,,,,,,,,,,,,,,,,,,,,,0.280148510,-0.039240000,-0.039240000,-0.039240000,
1721040010.939850,,,,,,,,,,,,,,,,8.000000000,0.000000000,0.000000000,0.000000000,0.000000000,0.000000000,0.000000000,0.000000000,767.000000000,0.000000000,0.000000000,0.000000000,0.000000000,0.000000000,0.000000000,0.000000000,0.000000000,1721040010977414.000000000,,,,,,,,,,,,,,,,,,,,,,,,,,,,,,,,,,,,,,,,,,,,,,,,,,,,,,,,,,,,,,,,,,,,,,,,,,,,,,,,,,,,,,,,,,,,,,,,,,0.280148510,-0.039240000,-0.039240000,-0.039240000,
1721040010.939861,,,,,,,,,,,,,,,,,,,,,,,,,,,,,,,,,,1.000000000,0.000000000,5007.000000000,0.347748578,-0.463033378,-9.913700104,0.000000000,1.000000000,0.000000000,5007.000000000,-0.006968379,0.003157787,-0.011569311,1721040010976736.000000000,,,,,,,,,,,,,,,,,,,,,,,,,,,,,,,,,,,,,,,,,,,,,,,,,,,,,,,,,,,,,,,,,,,,,,,,,,,,,,,,,,,,,,,,
1721040010.939873,,,,,,,,,,,,,,,,,,,,,,,,,,,,,,,,,,,,,,,,,,,,,,,,1.000000000,0.000000000,0.000000000,0.000000000,0.999973893,0.000101316,-0.007038428,-0.001626768,0.000000000,1721040010972120.000000000,1721040010971729.000000000,,,,,,,,,,,,,,,,,,,,,,,,,,,,,,,,,,,,,,,,,,,,,,,,,,,,,,,,,,,,,,,,,,,,,,,,,,,,,
1721040010.939904,,,,,,,,,,,,,,,,,,,,,,,,,,,,,,,,,,,,,,,,,,,,,,,,,,,,,,,,,,,-0.266713172,0.314659476,0.086166903,1.000000000,0.000000000,0.008333903,-0.006738368,0.002460076,0.000000000,0.000000000,0.000000000,0.066916585,0.000000000,1.000000000,0.016483421,0.305773050,0.046302211,0.059654597,-0.003255206,0.000000000,0.000000000,0.006841111,0.000000000,0.000157470,1721040010972414.000000000,1721040010971729.000000000,0.012272760,0.000000000,1.000000000,0.000164281,5.000000000,0.001903780,0.205128998,1.000000000,-0.014716933,0.000000000,5.000000000,0.000000000,-0.013908784,0.004188516,0.003904005,0.000000000,1.000000000,1.000000000,,,,,,,,,,,,,,,,,,,,,,,,,,,,,,,,,
1721040010.939941,,,,,,,,,,,,,,,,,,,,,,,,,,,,,,,,,,,,,,,,,,,,,,,,,,,,,,,,,,,,,,,,,,,,,,,,,,,,,,,,,,,,,,,,,,,,,,,,,,,,,,,-0.008109687,0.001933206,0.004307529,0.000079040,0.000079695,0.006839845,1.000000000,-0.014716933,-0.013908784,0.004188516,0.000135850,0.000135853,0.093497157,0.999973893,0.000101316,-0.007038428,-0.001626768,0.000000000,8.000000000,1721040010972421.000000000,1721040010971729.000000000,0.000164281,0.001903780,0.205128998,1.000000000,0.001071939,0.001071956,0.003558671,,,,,-0.004188516
1721040010.941320,,,,,,,,,,,,,,,,,,,,,,,,,,,,,,,,,,,,,,,,,,,,,,,,1.000000000,0.000000000,0.000000000,0.000000000,0.999973953,0.000080884,-0.007029283,-0.001640414,0.000000000,1721040010978038.000000000,1721040010976736.000000000,,,,,,,,,,,,,,,,,,,,,,,,,,,,,,,,,,,,,,,,,,,,,,,,,,,,,,,,,,,,,,,,,,,,,,,,,,,,,
1721040010.941926,,,,,,,,,,,,,,,,,,,,,,,,,,,,,,,,,,,,,,,,,,,,,,,,,,,,,,,,,,,-0.213614866,0.092828080,0.118505873,1.000000000,0.000000000,0.008333903,-0.006738368,0.002460076,0.000000000,0.000000000,0.000000000,0.068881802,0.000000000,1.000000000,0.016916905,0.306049883,0.046894737,0.059804544,-0.003267479,0.000000000,0.000000000,0.006832034,0.000000000,0.000157542,1721040010983877.000000000,1721040010982744.000000000,0.012264689,0.000000000,1.000000000,0.000565959,5.000000000,0.001310577,0.205241188,1.000000000,-0.014705908,0.000000000,5.000000000,0.000000000,-0.013898586,0.004551464,0.004724503,0.000000000,1.000000000,1.000000000,,,,,,,,,,,,,,,,,,,,,,,,,,,,,,,,,
1721040010.942125,,,,,,,,,,,,,,,,,,,,,,,,,,,,,,,,,,,,,,,,,,,,,,,,,,,,,,,,,,,,,,,,,,,,,,,,,,,,,,,,,,,,,,,,,,,,,,,,,,,,,,,0.004148765,-0.005085581,0.002814947,0.000079076,0.000079730,0.006830770,1.000000000,-0.014705908,-0.013898586,0.004551464,0.000143089,0.000143092,0.093666524,0.999973834,0.000091295,-0.007045500,-0.001632974,0.000000000,8.000000000,1721040010983886.000000000,1721040010982744.000000000,0.000565959,0.001310577,0.205241188,1.000000000,0.001099551,0.001099566,0.003576583,,,,,-0.004551464
1721040010.943839,,,,,,,,,,,,,,,,,,,,,,,,,,,,,,,,,,1.000000000,0.000000000,6008.000000000,0.340219766,-0.541221261,-9.889494896,0.000000000,1.000000000,0.000000000,6008.000000000,0.010565964,0.001990251,-0.008454881,1721040010988752.000000000,,,,,,,,,,,,,,,,,,,,,,,,,,,,,,,,,,,,,,,,,,,,,,,,,,,,,,,,,,,,,,,,,,,,,,,,,,,,,,,,,,,,,,,,
1721040010.944010,,,,,,,,,,,,,,,,,,,,,,,,,,,,,,,,,,,,,,,,,,,,,,,,1.000000000,0.000000000,0.000000000,0.000000000,0.999973893,0.000119849,-0.007037900,-0.001639990,0.000000000,1721040010989339.000000000,1721040010988752.000000000,,,,,,,,,,,,,,,,,,,,,,,,,,,,,,,,,,,,,,,,,,,,,,,,,,,,,,,,,,,,,,,,,,,,,,,,,,,,,
1721040010.954599,,,,,,,,,,,,,,,,,,,,,,,,,,,,,,,,,,,,,,,,,,,,,,,,,,,,,,,,,,,-0.215540484,0.477966189,0.048114136,1.000000000,0.000000000,0.008333903,-0.006738368,0.002460076,0.000000000,0.000000000,0.000000000,0.070332646,0.000000000,1.000000000,0.010957190,0.306310803,0.037159730,0.059936721,-0.003272153,0.000000000,0.000000000,0.006833049,0.000000000,0.000156206,1721040010995543.000000000,1721040010994760.000000000,0.012267286,0.000000000,1.000000000,0.001243691,5.000000000,0.002341185,0.205136046,1.000000000,-0.014686839,0.000000000,5.000000000,0.000000000,-0.013893499,0.005242911,0.005383574,0.000000000,1.000000000,1.000000000,,,,,,,,,,,,,,,,,,,,,,,,,,,,,,,,,
1721040010.954676,,,,,,,,,,,,,,,,,,,,,,,,,,,,,,,,,,,,,,,,,,,,,,,,,,,,,,,,,,,,,,,,,,,,,,,,,,,,,,,,,,,,,,,,,,,,,,,,,,,,,,,-0.003548760,-0.007142046,0.002184996,0.000078414,0.000079062,0.006831777,1.000000000,-0.014686839,-0.013893499,0.005242911,0.000060030,0.000060030,0.093826309,0.999973834,0.000107218,-0.007060221,-0.001635196,0.000000000,8.000000000,1721040010995552.000000000,1721040010994760.000000000,0.001243691,0.002341185,0.205136046,1.000000000,0.000690414,0.000690431,0.003592411,,,,,-0.005242911
1721040010.954719,,,,,,,,,,,,,,,,,,,,,,,,,,,,,,,,,,1.000000000,0.000000000,5006.000000000,0.297471821,-0.522610903,-9.833668709,0.000000000,1.000000000,0.000000000,5006.000000000,-0.005273737,0.006170064,-0.008768136,1721040010999766.000000000,,,,,,,,,,,,,,,,,,,,,,,,,,,,,,,,,,,,,,,,,,,,,,,,,,,,,,,,,,,,,,,,,,,,,,,,,,,,,,,,,,,,,,,,
1721040010.955549,,,,,,,,,,,,,,,,,,,,,,,,,,,,,,,,,,,,,,,,,,,,,,,,1.000000000,0.000000000,0.000000000,0.000000000,0.999973834,0.000091107,-0.007043491,-0.001642376,0.000000000,1721040011001069.000000000,1721040010999766.000000000,,,,,,,,,,,,,,,,,,,,,,,,,,,,,,,,,,,,,,,,,,,,,,,,,,,,,,,,,,,,,,,,,,,,,,,,,,,,,
