,t,motor_FR_set,motor_BR_set,motor_BL_set,motor_FL_set
0,0.0,3.67875,3.67875,3.67875,3.67875
1,0.05,3.67875,3.67875,3.67875,3.67875
2,0.1,3.67875,3.67875,3.67875,3.67875
3,0.15000000000000002,3.67875,3.67875,3.67875,3.67875
4,0.2,3.67875,3.67875,3.67875,3.67875
5,0.25,3.67875,3.67875,3.67875,3.67875
6,0.30000000000000004,3.67875,3.67875,3.67875,3.67875
7,0.35000000000000003,3.67875,3.67875,3.67875,3.67875
8,0.4,3.67875,3.67875,3.67875,3.67875
9,0.45,3.67875,3.67875,3.67875,3.67875
10,0.5,3.67875,3.67875,3.67875,3.67875
11,0.55,3.67875,3.67875,3.67875,3.67875
12,0.6000000000000001,3.67875,3.67875,3.67875,3.67875
13,0.65,3.67875,3.67875,3.67875,3.67875
14,0.7000000000000001,3.67875,3.67875,3.67875,3.67875
15,0.75,3.67875,3.67875,3.67875,3.67875
16,0.8,3.67875,3.67875,3.67875,3.67875
17,0.8500000000000001,3.67875,3.67875,3.67875,3.67875
18,0.9,3.67875,3.67875,3.67875,3.67875
19,0.9500000000000001,3.67875,3.67875,3.67875,3.67875
20,1.0,3.67875,3.67875,3.67875,3.67875
21,1.05,3.67875,3.67875,3.67875,3.67875
22,1.1,3.67875,3.67875,3.67875,3.67875
23,1.1500000000000001,3.67875,3.67875,3.67875,3.67875
24,1.2000000000000002,3.67875,3.67875,3.67875,3.67875
25,1.25,3.67875,3.67875,3.67875,3.67875
26,1.3,3.67875,3.67875,3.67875,3.67875
27,1.35,3.67875,3.67875,3.67875,3.67875
28,1.4000000000000001,3.67875,3.67875,3.67875,3.67875
29,1.4500000000000002,3.67875,3.67875,3.67875,3.67875
30,1.5,3.67875,3.67875,3.67875,3.67875
31,1.55,3.67875,3.67875,3.67875,3.67875
32,1.6,3.67875,3.67875,3.67875,3.67875
33,1.6500000000000001,3.67875,3.67875,3.67875,3.67875
34,1.7000000000000002,3.67875,3.67875,3.67875,3.67875
35,1.75,3.67875,3.67875,3.67875,3.67875
36,1.8,3.67875,3.67875,3.67875,3.67875
37,1.85,3.67875,3.67875,3.67875,3.67875
38,1.9000000000000001,3.67875,3.67875,3.67875,3.67875
39,1.9500000000000002,3.67875,3.67875,3.67875,3.67875
40,2.0,3.67875,3.67875,3.67875,3.67875
41,2.0500000000000003,3.67875,3.67875,3.67875,3.67875
42,2.1,3.67875,3.67875,3.67875,3.67875
43,2.15,3.67875,3.67875,3.67875,3.67875
44,2.2,3.67875,3.67875,3.67875,3.67875
45,2.25,3.67875,3.67875,3.67875,3.67875
46,2.3000000000000003,3.67875,3.67875,3.67875,3.67875
47,2.35,3.67875,3.67875,3.67875,3.67875
48,2.4000000000000004,3.67875,3.67875,3.67875,3.67875
49,2.45,3.67875,3.67875,3.67875,3.67875
50,2.5,3.67875,3.67875,3.67875,3.67875
51,2.5500000000000003,3.67875,3.67875,3.67875,3.67875
52,2.6,3.67875,3.67875,3.67875,3.67875
53,2.6500000000000004,3.67875,3.67875,3.67875,3.67875
54,2.7,3.67875,3.67875,3.67875,3.67875
55,2.75,3.67875,3.67875,3.67875,3.67875
56,2.8000000000000003,3.67875,3.67875,3.67875,3.67875
57,2.85,3.67875,3.67875,3.67875,3.67875
58,2.9000000000000004,3.67875,3.67875,3.67875,3.67875
59,2.95,3.67875,3.67875,3.67875,3.67875
60,3.0,3.67875,3.67875,3.67875,3.67875
61,3.0500000000000003,3.67875,3.67875,3.67875,3.67875
62,3.1,3.67875,3.67875,3.67875,3.67875
63,3.1500000000000004,3.67875,3.67875,3.67875,3.67875
64,3.2,3.67875,3.67875,3.67875,3.67875
65,3.25,3.67875,3.67875,3.67875,3.67875
66,3.3000000000000003,3.67875,3.67875,3.67875,3.67875
67,3.35,3.67875,3.67875,3.67875,3.67875
68,3.4000000000000004,3.67875,3.67875,3.67875,3.67875
69,3.45,3.67875,3.67875,3.67875,3.67875
70,3.5,3.67875,3.67875,3.67875,3.67875
71,3.5500000000000003,3.67875,3.67875,3.67875,3.67875
72,3.6,3.67875,3.67875,3.67875,3.67875
73,3.6500000000000004,3.67875,3.67875,3.67875,3.67875
74,3.7,3.67875,3.67875,3.67875,3.67875
75,3.75,3.67875,3.67875,3.67875,3.67875
76,3.8000000000000003,3.67875,3.67875,3.67875,3.67875
77,3.85,3.67875,3.67875,3.67875,3.67875
78,3.9000000000000004,3.67875,3.67875,3.67875,3.67875
79,3.95,3.67875,3.67875,3.67875,3.67875
80,4.0,3.67875,3.67875,3.67875,3.67875
81,4.05,3.67875,3.67875,3.67875,3.67875
82,4.1000000000000005,3.67875,3.67875,3.67875,3.67875
83,4.15,3.67875,3.67875,3.67875,3.67875
84,4.2,3.67875,3.67875,3.67875,3.67875
85,4.25,3.67875,3.67875,3.67875,3.67875
86,4.3,3.67875,3.67875,3.67875,3.67875
87,4.3500000000000005,3.67875,3.67875,3.67875,3.67875
88,4.4,3.67875,3.67875,3.67875,3.67875
89,4.45,3.67875,3.67875,3.67875,3.67875
90,4.5,3.67875,3.67875,3.67875,3.67875
91,4.55,3.67875,3.67875,3.67875,3.67875
92,4.6000000000000005,3.67875,3.67875,3.67875,3.67875
93,4.65,3.67875,3.67875,3.67875,3.67875
94,4.7,3.67875,3.67875,3.67875,3.67875
95,4.75,3.67875,3.67875,3.67875,3.67875
96,4.800000000000001,3.67875,3.67875,3.67875,3.67875
97,4.8500000000000005,3.67875,3.67875,3.67875,3.67875
98,4.9,3.67875,3.67875,3.67875,3.67875
99,4.95,3.67875,3.67875,3.67875,3.67875
100,5.0,3.67875,3.67875,3.67875,3.67875
101,5.050000000000001,3.67875,3.67875,3.67875,3.67875
102,5.1000000000000005,3.67875,3.67875,3.67875,3.67875
103,5.15,3.67875,3.67875,3.67875,3.67875
104,5.2,3.67875,3.67875,3.67875,3.67875
105,5.25,3.67875,3.67875,3.67875,3.67875
106,5.300000000000001,3.67875,3.67875,3.67875,3.67875
107,5.3500000000000005,3.67875,3.67875,3.67875,3.67875
108,5.4,3.67875,3.67875,3.67875,3.67875
109,5.45,3.67875,3.67875,3.67875,3.67875
110,5.5,3.67875,3.67875,3.67875,3.67875
111,5.550000000000001,3.67875,3.67875,3.67875,3.67875
112,5.6000000000000005,3.67875,3.67875,3.67875,3.67875
113,5.65,3.67875,3.67875,3.67875,3.67875
114,5.7,3.67875,3.67875,3.67875,3.67875
115,5.75,3.67875,3.67875,3.67875,3.67875
116,5.800000000000001,3.67875,3.67875,3.67875,3.67875
117,5.8500000000000005,3.67875,3.67875,3.67875,3.67875
118,5.9,3.67875,3.67875,3.67875,3.67875
119,5.95,3.67875,3.67875,3.67875,3.67875
120,6.0,3.67875,3.67875,3.67875,3.67875
121,6.050000000000001,3.67875,3.67875,3.67875,3.67875
122,6.1000000000000005,3.67875,3.67875,3.67875,3.67875
123,6.15,3.67875,3.67875,3.67875,3.67875
124,6.2,3.67875,3.67875,3.67875,3.67875
125,6.25,3.67875,3.67875,3.67875,3.67875
126,6.300000000000001,3.67875,3.67875,3.67875,3.67875
127,6.3500000000000005,3.67875,3.67875,3.67875,3.67875
128,6.4,3.67875,3.67875,3.67875,3.67875
129,6.45,3.67875,3.67875,3.67875,3.67875
130,6.5,3.67875,3.67875,3.67875,3.67875
131,6.550000000000001,3.67875,3.67875,3.67875,3.67875
132,6.6000000000000005,3.67875,3.67875,3.67875,3.67875
133,6.65,3.67875,3.67875,3.67875,3.67875
134,6.7,3.67875,3.67875,3.67875,3.67875
135,6.75,3.67875,3.67875,3.67875,3.67875
136,6.800000000000001,3.67875,3.67875,3.67875,3.67875
137,6.8500000000000005,3.67875,3.67875,3.67875,3.67875
138,6.9,3.67875,3.67875,3.67875,3.67875
139,6.95,3.67875,3.67875,3.67875,3.67875
140,7.0,3.67875,3.67875,3.67875,3.67875
141,7.050000000000001,3.67875,3.67875,3.67875,3.67875
142,7.1000000000000005,3.67875,3.67875,3.67875,3.67875
143,7.15,3.67875,3.67875,3.67875,3.67875
144,7.2,3.67875,3.67875,3.67875,3.67875
145,7.25,3.67875,3.67875,3.67875,3.67875
146,7.300000000000001,3.67875,3.67875,3.67875,3.67875
147,7.3500000000000005,3.67875,3.67875,3.67875,3.67875
148,7.4,3.67875,3.67875,3.67875,3.67875
149,7.45,3.67875,3.67875,3.67875,3.67875
150,7.5,3.67875,3.67875,3.67875,3.67875
151,7.550000000000001,3.67875,3.67875,3.67875,3.67875
152,7.6000000000000005,3.67875,3.67875,3.67875,3.67875
153,7.65,3.67875,3.67875,3.67875,3.67875
154,7.7,3.67875,3.67875,3.67875,3.67875
155,7.75,3.67875,3.67875,3.67875,3.67875
156,7.800000000000001,3.67875,3.67875,3.67875,3.67875
157,7.8500000000000005,3.67875,3.67875,3.67875,3.67875
158,7.9,3.67875,3.67875,3.67875,3.67875
159,7.95,3.67875,3.67875,3.67875,3.67875
160,8.0,3.67875,3.67875,3.67875,3.67875
161,8.05,3.67875,3.67875,3.67875,3.67875
162,8.1,3.67875,3.67875,3.67875,3.67875
163,8.15,3.67875,3.67875,3.67875,3.67875
164,8.200000000000001,3.67875,3.67875,3.67875,3.67875
165,8.25,3.67875,3.67875,3.67875,3.67875
166,8.3,3.67875,3.67875,3.67875,3.67875
167,8.35,3.67875,3.67875,3.67875,3.67875
168,8.4,3.67875,3.67875,3.67875,3.67875
169,8.450000000000001,3.67875,3.67875,3.67875,3.67875
170,8.5,3.67875,3.67875,3.67875,3.67875
171,8.55,3.67875,3.67875,3.67875,3.67875
172,8.6,3.67875,3.67875,3.67875,3.67875
173,8.65,3.67875,3.67875,3.67875,3.67875
174,8.700000000000001,3.67875,3.67875,3.67875,3.67875
175,8.75,3.67875,3.67875,3.67875,3.67875
176,8.8,3.67875,3.67875,3.67875,3.67875
177,8.85,3.67875,3.67875,3.67875,3.67875
178,8.9,3.67875,3.67875,3.67875,3.67875
179,8.950000000000001,3.67875,3.67875,3.67875,3.67875
180,9.0,3.67875,3.67875,3.67875,3.67875
181,9.05,3.67875,3.67875,3.67875,3.67875
182,9.1,3.67875,3.67875,3.67875,3.67875
183,9.15,3.67875,3.67875,3.67875,3.67875
184,9.200000000000001,3.67875,3.67875,3.67875,3.67875
185,9.25,3.67875,3.67875,3.67875,3.67875
186,9.3,3.67875,3.67875,3.67875,3.67875
187,9.35,3.67875,3.67875,3.67875,3.67875
188,9.4,3.67875,3.67875,3.67875,3.67875
189,9.450000000000001,3.67875,3.67875,3.67875,3.67875
190,9.5,3.67875,3.67875,3.67875,3.67875
191,9.55,3.67875,3.67875,3.67875,3.67875
192,9.600000000000001,3.67875,3.67875,3.67875,3.67875
193,9.65,3.67875,3.67875,3.67875,3.67875
194,9.700000000000001,3.67875,3.67875,3.67875,3.67875
195,9.75,3.67875,3.67875,3.67875,3.67875
196,9.8,3.67875,3.67875,3.67875,3.67875
197,9.850000000000001,3.67875,3.67875,3.67875,3.67875
198,9.9,3.67875,3.67875,3.67875,3.67875
199,9.950000000000001,3.67875,3.67875,3.67875,3.67875
200,10.0,3.67875,3.67875,3.67875,3.67875
201,10.05,3.67875,3.67875,3.67875,3.67875
202,10.100000000000001,3.67875,3.67875,3.67875,3.67875
203,10.15,3.67875,3.67875,3.67875,3.67875
204,10.200000000000001,3.67875,3.67875,3.67875,3.67875
205,10.25,3.67875,3.67875,3.67875,3.67875
206,10.3,3.67875,3.67875,3.67875,3.67875
207,10.350000000000001,3.67875,3.67875,3.67875,3.67875
208,10.4,3.67875,3.67875,3.67875,3.67875
209,10.450000000000001,3.67875,3.67875,3.67875,3.67875
210,10.5,3.67875,3.67875,3.67875,3.67875
211,10.55,3.67875,3.67875,3.67875,3.67875
212,10.600000000000001,3.67875,3.67875,3.67875,3.67875
213,10.65,3.67875,3.67875,3.67875,3.67875
214,10.700000000000001,3.67875,3.67875,3.67875,3.67875
215,10.75,3.67875,3.67875,3.67875,3.67875
216,10.8,3.67875,3.67875,3.67875,3.67875
217,10.850000000000001,3.67875,3.67875,3.67875,3.67875
218,10.9,3.67875,3.67875,3.67875,3.67875
219,10.950000000000001,3.67875,3.67875,3.67875,3.67875
220,11.0,3.67875,3.67875,3.67875,3.67875
221,11.05,3.67875,3.67875,3.67875,3.67875
222,11.100000000000001,3.67875,3.67875,3.67875,3.67875
223,11.15,3.67875,3.67875,3.67875,3.67875
224,11.200000000000001,3.67875,3.67875,3.67875,3.67875
225,11.25,3.67875,3.67875,3.67875,3.67875
226,11.3,3.67875,3.67875,3.67875,3.67875
227,11.350000000000001,3.67875,3.67875,3.67875,3.67875
228,11.4,3.67875,3.67875,3.67875,3.67875
229,11.450000000000001,3.67875,3.67875,3.67875,3.67875
230,11.5,3.67875,3.67875,3.67875,3.67875
231,11.55,3.67875,3.67875,3.67875,3.67875
232,11.600000000000001,3.67875,3.67875,3.67875,3.67875
233,11.65,3.67875,3.67875,3.67875,3.67875
234,11.700000000000001,3.67875,3.67875,3.67875,3.67875
235,11.75,3.67875,3.67875,3.67875,3.67875
236,11.8,3.67875,3.67875,3.67875,3.67875
237,11.850000000000001,3.67875,3.67875,3.67875,3.67875
238,11.9,3.67875,3.67875,3.67875,3.67875
239,11.950000000000001,3.67875,3.67875,3.67875,3.67875
240,12.0,3.67875,3.67875,3.67875,3.67875
241,12.05,3.67875,3.67875,3.67875,3.67875
242,12.100000000000001,3.67875,3.67875,3.67875,3.67875
243,12.15,3.67875,3.67875,3.67875,3.67875
244,12.200000000000001,3.67875,3.67875,3.67875,3.67875
245,12.25,3.67875,3.67875,3.67875,3.67875
246,12.3,3.67875,3.67875,3.67875,3.67875
247,12.350000000000001,3.67875,3.67875,3.67875,3.67875
248,12.4,3.67875,3.67875,3.67875,3.67875
249,12.450000000000001,3.67875,3.67875,3.67875,3.67875
250,12.5,3.67875,3.67875,3.67875,3.67875
251,12.55,3.67875,3.67875,3.67875,3.67875
252,12.600000000000001,3.67875,3.67875,3.67875,3.67875
253,12.65,3.67875,3.67875,3.67875,3.67875
254,12.700000000000001,3.67875,3.67875,3.67875,3.67875
255,12.75,3.67875,3.67875,3.67875,3.67875
256,12.8,3.67875,3.67875,3.67875,3.67875
257,12.850000000000001,3.67875,3.67875,3.67875,3.67875
258,12.9,3.67875,3.67875,3.67875,3.67875
259,12.950000000000001,3.67875,3.67875,3.67875,3.67875
260,13.0,3.67875,3.67875,3.67875,3.67875
261,13.05,3.67875,3.67875,3.67875,3.67875
262,13.100000000000001,3.67875,3.67875,3.67875,3.67875
263,13.15,3.67875,3.67875,3.67875,3.67875
264,13.200000000000001,3.67875,3.67875,3.67875,3.67875
265,13.25,3.67875,3.67875,3.67875,3.67875
266,13.3,3.67875,3.67875,3.67875,3.67875
267,13.350000000000001,3.67875,3.67875,3.67875,3.67875
268,13.4,3.67875,3.67875,3.67875,3.67875
269,13.450000000000001,3.67875,3.67875,3.67875,3.67875
270,13.5,3.67875,3.67875,3.67875,3.67875
271,13.55,3.67875,3.67875,3.67875,3.67875
272,13.600000000000001,3.67875,3.67875,3.67875,3.67875
273,13.65,3.67875,3.67875,3.67875,3.67875
274,13.700000000000001,3.67875,3.67875,3.67875,3.67875
275,13.75,3.67875,3.67875,3.67875,3.67875
276,13.8,3.67875,3.67875,3.67875,3.67875
277,13.850000000000001,3.67875,3.67875,3.67875,3.67875
278,13.9,3.67875,3.67875,3.67875,3.67875
279,13.950000000000001,3.67875,3.67875,3.67875,3.67875
280,14.0,3.67875,3.67875,3.67875,3.67875
281,14.05,3.67875,3.67875,3.67875,3.67875
282,14.100000000000001,3.67875,3.67875,3.67875,3.67875
283,14.15,3.67875,3.67875,3.67875,3.67875
284,14.200000000000001,3.67875,3.67875,3.67875,3.67875
285,14.25,3.67875,3.67875,3.67875,3.67875
286,14.3,3.67875,3.67875,3.67875,3.67875
287,14.350000000000001,3.67875,3.67875,3.67875,3.67875
288,14.4,3.67875,3.67875,3.67875,3.67875
289,14.450000000000001,3.67875,3.67875,3.67875,3.67875
290,14.5,3.67875,3.67875,3.67875,3.67875
291,14.55,3.67875,3.67875,3.67875,3.67875
292,14.600000000000001,3.67875,3.67875,3.67875,3.67875
293,14.65,3.67875,3.67875,3.67875,3.67875
294,14.700000000000001,3.67875,3.67875,3.67875,3.67875
295,14.75,3.67875,3.67875,3.67875,3.67875
296,14.8,3.67875,3.67875,3.67875,3.67875
297,14.850000000000001,3.67875,3.67875,3.67875,3.67875
298,14.9,3.67875,3.67875,3.67875,3.67875
299,14.950000000000001,3.67875,3.67875,3.67875,3.67875
300,15.0,3.67875,3.67875,3.67875,3.67875
301,15.05,3.67875,3.67875,3.67875,3.67875
302,15.100000000000001,3.67875,3.67875,3.67875,3.67875
303,15.15,3.67875,3.67875,3.67875,3.67875
304,15.200000000000001,3.67875,3.67875,3.67875,3.67875
305,15.25,3.67875,3.67875,3.67875,3.67875
306,15.3,3.67875,3.67875,3.67875,3.67875
307,15.350000000000001,3.67875,3.67875,3.67875,3.67875
308,15.4,3.67875,3.67875,3.67875,3.67875
309,15.450000000000001,3.67875,3.67875,3.67875,3.67875
310,15.5,3.67875,3.67875,3.67875,3.67875
311,15.55,3.67875,3.67875,3.67875,3.67875
312,15.600000000000001,3.67875,3.67875,3.67875,3.67875
313,15.65,3.67875,3.67875,3.67875,3.67875
314,15.700000000000001,3.67875,3.67875,3.67875,3.67875
315,15.75,3.67875,3.67875,3.67875,3.67875
316,15.8,3.67875,3.67875,3.67875,3.67875
317,15.850000000000001,3.67875,3.67875,3.67875,3.67875
318,15.9,3.67875,3.67875,3.67875,3.67875
319,15.950000000000001,3.67875,3.67875,3.67875,3.67875
320,16.0,3.67875,3.67875,3.67875,3.67875
321,16.05,3.67875,3.67875,3.67875,3.67875
322,16.1,3.67875,3.67875,3.67875,3.67875
323,16.150000000000002,3.67875,3.67875,3.67875,3.67875
324,16.2,3.67875,3.67875,3.67875,3.67875
325,16.25,3.67875,3.67875,3.67875,3.67875
326,16.3,3.67875,3.67875,3.67875,3.67875
327,16.35,3.67875,3.67875,3.67875,3.67875
328,16.400000000000002,3.67875,3.67875,3.67875,3.67875
329,16.45,3.67875,3.67875,3.67875,3.67875
330,16.5,3.67875,3.67875,3.67875,3.67875
331,16.55,3.67875,3.67875,3.67875,3.67875
332,16.6,3.67875,3.67875,3.67875,3.67875
333,16.650000000000002,3.67875,3.67875,3.67875,3.67875
334,16.7,3.67875,3.67875,3.67875,3.67875
335,16.75,3.67875,3.67875,3.67875,3.67875
336,16.8,3.67875,3.67875,3.67875,3.67875
337,16.85,3.67875,3.67875,3.67875,3.67875
338,16.900000000000002,3.67875,3.67875,3.67875,3.67875
339,16.95,3.67875,3.67875,3.67875,3.67875
340,17.0,3.67875,3.67875,3.67875,3.67875
341,17.05,3.67875,3.67875,3.67875,3.67875
342,17.1,3.67875,3.67875,3.67875,3.67875
343,17.150000000000002,3.67875,3.67875,3.67875,3.67875
344,17.2,3.67875,3.67875,3.67875,3.67875
345,17.25,3.67875,3.67875,3.67875,3.67875
346,17.3,3.67875,3.67875,3.67875,3.67875
347,17.35,3.67875,3.67875,3.67875,3.67875
348,17.400000000000002,3.67875,3.67875,3.67875,3.67875
349,17.45,3.67875,3.67875,3.67875,3.67875
350,17.5,3.67875,3.67875,3.67875,3.67875
351,17.55,3.67875,3.67875,3.67875,3.67875
352,17.6,3.67875,3.67875,3.67875,3.67875
353,17.650000000000002,3.67875,3.67875,3.67875,3.67875
354,17.7,3.67875,3.67875,3.67875,3.67875
355,17.75,3.67875,3.67875,3.67875,3.67875
356,17.8,3.67875,3.67875,3.67875,3.67875
357,17.85,3.67875,3.67875,3.67875,3.67875
358,17.900000000000002,3.67875,3.67875,3.67875,3.67875
359,17.95,3.67875,3.67875,3.67875,3.67875
360,18.0,3.67875,3.67875,3.67875,3.67875
361,18.05,3.67875,3.67875,3.67875,3.67875
362,18.1,3.67875,3.67875,3.67875,3.67875
363,18.150000000000002,3.67875,3.67875,3.67875,3.67875
364,18.2,3.67875,3.67875,3.67875,3.67875
365,18.25,3.67875,3.67875,3.67875,3.67875
366,18.3,3.67875,3.67875,3.67875,3.67875
367,18.35,3.67875,3.67875,3.67875,3.67875
368,18.400000000000002,3.67875,3.67875,3.67875,3.67875
369,18.45,3.67875,3.67875,3.67875,3.67875
370,18.5,3.67875,3.67875,3.67875,3.67875
371,18.55,3.67875,3.67875,3.67875,3.67875
372,18.6,3.67875,3.67875,3.67875,3.67875
373,18.650000000000002,3.67875,3.67875,3.67875,3.67875
374,18.7,3.67875,3.67875,3.67875,3.67875
375,18.75,3.67875,3.67875,3.67875,3.67875
376,18.8,3.67875,3.67875,3.67875,3.67875
377,18.85,3.67875,3.67875,3.67875,3.67875
378,18.900000000000002,3.67875,3.67875,3.67875,3.67875
379,18.95,3.67875,3.67875,3.67875,3.67875
380,19.0,3.67875,3.67875,3.67875,3.67875
381,19.05,3.67875,3.67875,3.67875,3.67875
382,19.1,3.67875,3.67875,3.67875,3.67875
383,19.150000000000002,3.67875,3.67875,3.67875,3.67875
384,19.200000000000003,3.67875,3.67875,3.67875,3.67875
385,19.25,3.67875,3.67875,3.67875,3.67875
386,19.3,3.67875,3.67875,3.67875,3.67875
387,19.35,3.67875,3.67875,3.67875,3.67875
388,19.400000000000002,3.67875,3.67875,3.67875,3.67875
389,19.450000000000003,3.67875,3.67875,3.67875,3.67875
390,19.5,3.67875,3.67875,3.67875,3.67875
391,19.55,3.67875,3.67875,3.67875,3.67875
392,19.6,3.67875,3.67875,3.67875,3.67875
393,19.650000000000002,3.67875,3.67875,3.67875,3.67875
394,19.700000000000003,3.67875,3.67875,3.67875,3.67875
395,19.75,3.67875,3.67875,3.67875,3.67875
396,19.8,3.67875,3.67875,3.67875,3.67875
397,19.85,3.67875,3.67875,3.67875,3.67875
398,19.900000000000002,3.67875,3.67875,3.67875,3.67875
399,19.950000000000003,3.67875,3.67875,3.67875,3.67875
400,20.0,3.67875,3.67875,3.67875,3.67875
401,20.05,3.67875,3.67875,3.67875,3.67875
402,20.1,3.67875,3.67875,3.67875,3.67875
403,20.150000000000002,3.67875,3.67875,3.67875,3.67875
404,20.200000000000003,3.67875,3.67875,3.67875,3.67875
405,20.25,3.67875,3.67875,3.67875,3.67875
406,20.3,3.67875,3.67875,3.67875,3.67875
407,20.35,3.67875,3.67875,3.67875,3.67875
408,20.400000000000002,3.67875,3.67875,3.67875,3.67875
409,20.450000000000003,3.67875,3.67875,3.67875,3.67875
410,20.5,3.67875,3.67875,3.67875,3.67875
411,20.55,3.67875,3.67875,3.67875,3.67875
412,20.6,3.67875,3.67875,3.67875,3.67875
413,20.650000000000002,3.67875,3.67875,3.67875,3.67875
414,20.700000000000003,3.67875,3.67875,3.67875,3.67875
415,20.75,3.67875,3.67875,3.67875,3.67875
416,20.8,3.67875,3.67875,3.67875,3.67875
417,20.85,3.67875,3.67875,3.67875,3.67875
418,20.900000000000002,3.67875,3.67875,3.67875,3.67875
419,20.950000000000003,3.67875,3.67875,3.67875,3.67875
420,21.0,3.67875,3.67875,3.67875,3.67875
421,21.05,3.67875,3.67875,3.67875,3.67875
422,21.1,3.67875,3.67875,3.67875,3.67875
423,21.150000000000002,3.67875,3.67875,3.67875,3.67875
424,21.200000000000003,3.67875,3.67875,3.67875,3.67875
425,21.25,3.67875,3.67875,3.67875,3.67875
426,21.3,3.67875,3.67875,3.67875,3.67875
427,21.35,3.67875,3.67875,3.67875,3.67875
428,21.400000000000002,3.67875,3.67875,3.67875,3.67875
429,21.450000000000003,3.67875,3.67875,3.67875,3.67875
430,21.5,3.67875,3.67875,3.67875,3.67875
431,21.55,3.67875,3.67875,3.67875,3.67875
432,21.6,3.67875,3.67875,3.67875,3.67875
433,21.650000000000002,3.67875,3.67875,3.67875,3.67875
434,21.700000000000003,3.67875,3.67875,3.67875,3.67875
435,21.75,3.67875,3.67875,3.67875,3.67875
436,21.8,3.67875,3.67875,3.67875,3.67875
437,21.85,3.67875,3.67875,3.67875,3.67875
438,21.900000000000002,3.67875,3.67875,3.67875,3.67875
439,21.950000000000003,3.67875,3.67875,3.67875,3.67875
440,22.0,3.67875,3.67875,3.67875,3.67875
441,22.05,3.67875,3.67875,3.67875,3.67875
442,22.1,3.67875,3.67875,3.67875,3.67875
443,22.150000000000002,3.67875,3.67875,3.67875,3.67875
444,22.200000000000003,3.67875,3.67875,3.67875,3.67875
445,22.25,3.67875,3.67875,3.67875,3.67875
446,22.3,3.67875,3.67875,3.67875,3.67875
447,22.35,3.67875,3.67875,3.67875,3.67875
448,22.400000000000002,3.67875,3.67875,3.67875,3.67875
449,22.450000000000003,3.67875,3.67875,3.67875,3.67875
450,22.5,3.67875,3.67875,3.67875,3.67875
451,22.55,3.67875,3.67875,3.67875,3.67875
452,22.6,3.67875,3.67875,3.67875,3.67875
453,22.650000000000002,3.67875,3.67875,3.67875,3.67875
454,22.700000000000003,3.67875,3.67875,3.67875,3.67875
455,22.75,3.67875,3.67875,3.67875,3.67875
456,22.8,3.67875,3.67875,3.67875,3.67875
457,22.85,3.67875,3.67875,3.67875,3.67875
458,22.900000000000002,3.67875,3.67875,3.67875,3.67875
459,22.950000000000003,3.67875,3.67875,3.67875,3.67875
460,23.0,3.67875,3.67875,3.67875,3.67875
461,23.05,3.67875,3.67875,3.67875,3.67875
462,23.1,3.67875,3.67875,3.67875,3.67875
463,23.150000000000002,3.67875,3.67875,3.67875,3.67875
464,23.200000000000003,3.67875,3.67875,3.67875,3.67875
465,23.25,3.67875,3.67875,3.67875,3.67875
466,23.3,3.67875,3.67875,3.67875,3.67875
467,23.35,3.67875,3.67875,3.67875,3.67875
468,23.400000000000002,3.67875,3.67875,3.67875,3.67875
469,23.450000000000003,3.67875,3.67875,3.67875,3.67875
470,23.5,3.67875,3.67875,3.67875,3.67875
471,23.55,3.67875,3.67875,3.67875,3.67875
472,23.6,3.67875,3.67875,3.67875,3.67875
473,23.650000000000002,3.67875,3.67875,3.67875,3.67875
474,23.700000000000003,3.67875,3.67875,3.67875,3.67875
475,23.75,3.67875,3.67875,3.67875,3.67875
476,23.8,3.67875,3.67875,3.67875,3.67875
477,23.85,3.67875,3.67875,3.67875,3.67875
478,23.900000000000002,3.67875,3.67875,3.67875,3.67875
479,23.950000000000003,3.67875,3.67875,3.67875,3.67875
480,24.0,3.67875,3.67875,3.67875,3.67875
481,24.05,3.67875,3.67875,3.67875,3.67875
482,24.1,3.67875,3.67875,3.67875,3.67875
483,24.150000000000002,3.67875,3.67875,3.67875,3.67875
484,24.200000000000003,3.67875,3.67875,3.67875,3.67875
485,24.25,3.67875,3.67875,3.67875,3.67875
486,24.3,3.67875,3.67875,3.67875,3.67875
487,24.35,3.67875,3.67875,3.67875,3.67875
488,24.400000000000002,3.67875,3.67875,3.67875,3.67875
489,24.450000000000003,3.67875,3.67875,3.67875,3.67875
490,24.5,3.67875,3.67875,3.67875,3.67875
491,24.55,3.67875,3.67875,3.67875,3.67875
492,24.6,3.67875,3.67875,3.67875,3.67875
493,24.650000000000002,3.67875,3.67875,3.67875,3.67875
494,24.700000000000003,3.67875,3.67875,3.67875,3.67875
495,24.75,3.67875,3.67875,3.67875,3.67875
496,24.8,3.67875,3.67875,3.67875,3.67875
497,24.85,3.67875,3.67875,3.67875,3.67875
498,24.900000000000002,3.67875,3.67875,3.67875,3.67875
499,24.950000000000003,3.67875,3.67875,3.67875,3.67875
500,25.0,3.67875,3.67875,3.67875,3.67875
501,25.05,3.67875,3.67875,3.67875,3.67875
502,25.1,3.67875,3.67875,3.67875,3.67875
503,25.150000000000002,3.67875,3.67875,3.67875,3.67875
504,25.200000000000003,3.67875,3.67875,3.67875,3.67875
505,25.25,3.67875,3.67875,3.67875,3.67875
506,25.3,3.67875,3.67875,3.67875,3.67875
507,25.35,3.67875,3.67875,3.67875,3.67875
508,25.400000000000002,3.67875,3.67875,3.67875,3.67875
509,25.450000000000003,3.67875,3.67875,3.67875,3.67875
510,25.5,3.67875,3.67875,3.67875,3.67875
511,25.55,3.67875,3.67875,3.67875,3.67875
512,25.6,3.67875,3.67875,3.67875,3.67875
513,25.650000000000002,3.67875,3.67875,3.67875,3.67875
514,25.700000000000003,3.67875,3.67875,3.67875,3.67875
515,25.75,3.67875,3.67875,3.67875,3.67875
516,25.8,3.67875,3.67875,3.67875,3.67875
517,25.85,3.67875,3.67875,3.67875,3.67875
518,25.900000000000002,3.67875,3.67875,3.67875,3.67875
519,25.950000000000003,3.67875,3.67875,3.67875,3.67875
520,26.0,3.67875,3.67875,3.67875,3.67875
521,26.05,3.67875,3.67875,3.67875,3.67875
522,26.1,3.67875,3.67875,3.67875,3.67875
523,26.150000000000002,3.67875,3.67875,3.67875,3.67875
524,26.200000000000003,3.67875,3.67875,3.67875,3.67875
525,26.25,3.67875,3.67875,3.67875,3.67875
526,26.3,3.67875,3.67875,3.67875,3.67875
527,26.35,3.67875,3.67875,3.67875,3.67875
528,26.400000000000002,3.67875,3.67875,3.67875,3.67875
529,26.450000000000003,3.67875,3.67875,3.67875,3.67875
530,26.5,3.67875,3.67875,3.67875,3.67875
531,26.55,3.67875,3.67875,3.67875,3.67875
532,26.6,3.67875,3.67875,3.67875,3.67875
533,26.650000000000002,3.67875,3.67875,3.67875,3.67875
534,26.700000000000003,3.67875,3.67875,3.67875,3.67875
535,26.75,3.67875,3.67875,3.67875,3.67875
536,26.8,3.67875,3.67875,3.67875,3.67875
537,26.85,3.67875,3.67875,3.67875,3.67875
538,26.900000000000002,3.67875,3.67875,3.67875,3.67875
539,26.950000000000003,3.67875,3.67875,3.67875,3.67875
540,27.0,3.67875,3.67875,3.67875,3.67875
541,27.05,3.67875,3.67875,3.67875,3.67875
542,27.1,3.67875,3.67875,3.67875,3.67875
543,27.150000000000002,3.67875,3.67875,3.67875,3.67875
544,27.200000000000003,3.67875,3.67875,3.67875,3.67875
545,27.25,3.67875,3.67875,3.67875,3.67875
546,27.3,3.67875,3.67875,3.67875,3.67875
547,27.35,3.67875,3.67875,3.67875,3.67875
548,27.400000000000002,3.67875,3.67875,3.67875,3.67875
549,27.450000000000003,3.67875,3.67875,3.67875,3.67875
550,27.5,3.67875,3.67875,3.67875,3.67875
551,27.55,3.67875,3.67875,3.67875,3.67875
552,27.6,3.67875,3.67875,3.67875,3.67875
553,27.650000000000002,3.67875,3.67875,3.67875,3.67875
554,27.700000000000003,3.67875,3.67875,3.67875,3.67875
555,27.75,3.67875,3.67875,3.67875,3.67875
556,27.8,3.67875,3.67875,3.67875,3.67875
557,27.85,3.67875,3.67875,3.67875,3.67875
558,27.900000000000002,3.67875,3.67875,3.67875,3.67875
559,27.950000000000003,3.67875,3.67875,3.67875,3.67875
560,28.0,3.67875,3.67875,3.67875,3.67875
561,28.05,3.67875,3.67875,3.67875,3.67875
562,28.1,3.67875,3.67875,3.67875,3.67875
563,28.150000000000002,3.67875,3.67875,3.67875,3.67875
564,28.200000000000003,3.67875,3.67875,3.67875,3.67875
565,28.25,3.67875,3.67875,3.67875,3.67875
566,28.3,3.67875,3.67875,3.67875,3.67875
567,28.35,3.67875,3.67875,3.67875,3.67875
568,28.400000000000002,3.67875,3.67875,3.67875,3.67875
569,28.450000000000003,3.67875,3.67875,3.67875,3.67875
570,28.5,3.67875,3.67875,3.67875,3.67875
571,28.55,3.67875,3.67875,3.67875,3.67875
572,28.6,3.67875,3.67875,3.67875,3.67875
573,28.650000000000002,3.67875,3.67875,3.67875,3.67875
574,28.700000000000003,3.67875,3.67875,3.67875,3.67875
575,28.75,3.67875,3.67875,3.67875,3.67875
576,28.8,3.67875,3.67875,3.67875,3.67875
577,28.85,3.67875,3.67875,3.67875,3.67875
578,28.900000000000002,3.67875,3.67875,3.67875,3.67875
579,28.950000000000003,3.67875,3.67875,3.67875,3.67875
580,29.0,3.67875,3.67875,3.67875,3.67875
581,29.05,3.67875,3.67875,3.67875,3.67875
582,29.1,3.67875,3.67875,3.67875,3.67875
583,29.150000000000002,3.67875,3.67875,3.67875,3.67875
584,29.200000000000003,3.67875,3.67875,3.67875,3.67875
585,29.25,3.67875,3.67875,3.67875,3.67875
586,29.3,3.67875,3.67875,3.67875,3.67875
587,29.35,3.67875,3.67875,3.67875,3.67875
588,29.400000000000002,3.67875,3.67875,3.67875,3.67875
589,29.450000000000003,3.67875,3.67875,3.67875,3.67875
590,29.5,3.67875,3.67875,3.67875,3.67875
591,29.55,3.67875,3.67875,3.67875,3.67875
592,29.6,3.67875,3.67875,3.67875,3.67875
593,29.650000000000002,3.67875,3.67875,3.67875,3.67875
594,29.700000000000003,3.67875,3.67875,3.67875,3.67875
595,29.75,3.67875,3.67875,3.67875,3.67875
596,29.8,3.67875,3.67875,3.67875,3.67875
597,29.85,3.67875,3.67875,3.67875,3.67875
598,29.900000000000002,3.67875,3.67875,3.67875,3.67875
599,29.950000000000003,3.67875,3.67875,3.67875,3.67875
600,30.0,3.67875,3.67875,3.67875,3.67875
601,30.05,3.67875,3.67875,3.67875,3.67875
602,30.1,3.67875,3.67875,3.67875,3.67875
603,30.150000000000002,3.67875,3.67875,3.67875,3.67875
604,30.200000000000003,3.67875,3.67875,3.67875,3.67875
605,30.25,3.67875,3.67875,3.67875,3.67875
606,30.3,3.67875,3.67875,3.67875,3.67875
607,30.35,3.67875,3.67875,3.67875,3.67875
608,30.400000000000002,3.67875,3.67875,3.67875,3.67875
609,30.450000000000003,3.67875,3.67875,3.67875,3.67875
610,30.5,3.67875,3.67875,3.67875,3.67875
611,30.55,3.67875,3.67875,3.67875,3.67875
612,30.6,3.67875,3.67875,3.67875,3.67875
613,30.650000000000002,3.67875,3.67875,3.67875,3.67875
614,30.700000000000003,3.67875,3.67875,3.67875,3.67875
615,30.75,3.67875,3.67875,3.67875,3.67875
616,30.8,3.67875,3.67875,3.67875,3.67875
617,30.85,3.67875,3.67875,3.67875,3.67875
618,30.900000000000002,3.67875,3.67875,3.67875,3.67875
619,30.950000000000003,3.67875,3.67875,3.67875,3.67875
620,31.0,3.67875,3.67875,3.67875,3.67875
621,31.05,3.67875,3.67875,3.67875,3.67875
622,31.1,3.67875,3.67875,3.67875,3.67875
623,31.150000000000002,3.67875,3.67875,3.67875,3.67875
624,31.200000000000003,3.67875,3.67875,3.67875,3.67875
625,31.25,3.67875,3.67875,3.67875,3.67875
626,31.3,3.67875,3.67875,3.67875,3.67875
627,31.35,3.67875,3.67875,3.67875,3.67875
628,31.400000000000002,3.67875,3.67875,3.67875,3.67875
629,31.450000000000003,3.67875,3.67875,3.67875,3.67875
630,31.5,3.67875,3.67875,3.67875,3.67875
631,31.55,3.67875,3.67875,3.67875,3.67875
632,31.6,3.67875,3.67875,3.67875,3.67875
633,31.650000000000002,3.67875,3.67875,3.67875,3.67875
634,31.700000000000003,3.67875,3.67875,3.67875,3.67875
635,31.75,3.67875,3.67875,3.67875,3.67875
636,31.8,3.67875,3.67875,3.67875,3.67875
637,31.85,3.67875,3.67875,3.67875,3.67875
638,31.900000000000002,3.67875,3.67875,3.67875,3.67875
639,31.950000000000003,3.67875,3.67875,3.67875,3.67875
640,32.0,3.67875,3.67875,3.67875,3.67875
641,32.050000000000004,3.67875,3.67875,3.67875,3.67875
642,32.1,3.67875,3.67875,3.67875,3.67875
643,32.15,3.67875,3.67875,3.67875,3.67875
644,32.2,3.67875,3.67875,3.67875,3.67875
645,32.25,3.67875,3.67875,3.67875,3.67875
646,32.300000000000004,3.67875,3.67875,3.67875,3.67875
647,32.35,3.67875,3.67875,3.67875,3.67875
648,32.4,3.67875,3.67875,3.67875,3.67875
649,32.45,3.67875,3.67875,3.67875,3.67875
650,32.5,3.67875,3.67875,3.67875,3.67875
651,32.550000000000004,3.67875,3.67875,3.67875,3.67875
652,32.6,3.67875,3.67875,3.67875,3.67875
653,32.65,3.67875,3.67875,3.67875,3.67875
654,32.7,3.67875,3.67875,3.67875,3.67875
655,32.75,3.67875,3.67875,3.67875,3.67875
656,32.800000000000004,3.67875,3.67875,3.67875,3.67875
657,32.85,3.67875,3.67875,3.67875,3.67875
658,32.9,3.67875,3.67875,3.67875,3.67875
659,32.95,3.67875,3.67875,3.67875,3.67875
660,33.0,3.67875,3.67875,3.67875,3.67875
661,33.050000000000004,3.67875,3.67875,3.67875,3.67875
662,33.1,3.67875,3.67875,3.67875,3.67875
663,33.15,3.67875,3.67875,3.67875,3.67875
664,33.2,3.67875,3.67875,3.67875,3.67875
665,33.25,3.67875,3.67875,3.67875,3.67875
666,33.300000000000004,3.67875,3.67875,3.67875,3.67875
667,33.35,3.67875,3.67875,3.67875,3.67875
668,33.4,3.67875,3.67875,3.67875,3.67875
669,33.45,3.67875,3.67875,3.67875,3.67875
670,33.5,3.67875,3.67875,3.67875,3.67875
671,33.550000000000004,3.67875,3.67875,3.67875,3.67875
672,33.6,3.67875,3.67875,3.67875,3.67875
673,33.65,3.67875,3.67875,3.67875,3.67875
674,33.7,3.67875,3.67875,3.67875,3.67875
675,33.75,3.67875,3.67875,3.67875,3.67875
676,33.800000000000004,3.67875,3.67875,3.67875,3.67875
677,33.85,3.67875,3.67875,3.67875,3.67875
678,33.9,3.67875,3.67875,3.67875,3.67875
679,33.95,3.67875,3.67875,3.67875,3.67875
680,34.0,3.67875,3.67875,3.67875,3.67875
681,34.050000000000004,3.67875,3.67875,3.67875,3.67875
682,34.1,3.67875,3.67875,3.67875,3.67875
683,34.15,3.67875,3.67875,3.67875,3.67875
684,34.2,3.67875,3.67875,3.67875,3.67875
685,34.25,3.67875,3.67875,3.67875,3.67875
686,34.300000000000004,3.67875,3.67875,3.67875,3.67875
687,34.35,3.67875,3.67875,3.67875,3.67875
688,34.4,3.67875,3.67875,3.67875,3.67875
689,34.45,3.67875,3.67875,3.67875,3.67875
690,34.5,3.67875,3.67875,3.67875,3.67875
691,34.550000000000004,3.67875,3.67875,3.67875,3.67875
692,34.6,3.67875,3.67875,3.67875,3.67875
693,34.65,3.67875,3.67875,3.67875,3.67875
694,34.7,3.67875,3.67875,3.67875,3.67875
695,34.75,3.67875,3.67875,3.67875,3.67875
696,34.800000000000004,3.67875,3.67875,3.67875,3.67875
697,34.85,3.67875,3.67875,3.67875,3.67875
698,34.9,3.67875,3.67875,3.67875,3.67875
699,34.95,3.67875,3.67875,3.67875,3.67875
700,35.0,3.67875,3.67875,3.67875,3.67875
701,35.050000000000004,3.67875,3.67875,3.67875,3.67875
702,35.1,3.67875,3.67875,3.67875,3.67875
703,35.15,3.67875,3.67875,3.67875,3.67875
704,35.2,3.67875,3.67875,3.67875,3.67875
705,35.25,3.67875,3.67875,3.67875,3.67875
706,35.300000000000004,3.67875,3.67875,3.67875,3.67875
707,35.35,3.67875,3.67875,3.67875,3.67875
708,35.4,3.67875,3.67875,3.67875,3.67875
709,35.45,3.67875,3.67875,3.67875,3.67875
710,35.5,3.67875,3.67875,3.67875,3.67875
711,35.550000000000004,3.67875,3.67875,3.67875,3.67875
712,35.6,3.67875,3.67875,3.67875,3.67875
713,35.65,3.67875,3.67875,3.67875,3.67875
714,35.7,3.67875,3.67875,3.67875,3.67875
715,35.75,3.67875,3.67875,3.67875,3.67875
716,35.800000000000004,3.67875,3.67875,3.67875,3.67875
717,35.85,3.67875,3.67875,3.67875,3.67875
718,35.9,3.67875,3.67875,3.67875,3.67875
719,35.95,3.67875,3.67875,3.67875,3.67875
720,36.0,3.67875,3.67875,3.67875,3.67875
721,36.050000000000004,3.67875,3.67875,3.67875,3.67875
722,36.1,3.67875,3.67875,3.67875,3.67875
723,36.15,3.67875,3.67875,3.67875,3.67875
724,36.2,3.67875,3.67875,3.67875,3.67875
725,36.25,3.67875,3.67875,3.67875,3.67875
726,36.300000000000004,3.67875,3.67875,3.67875,3.67875
727,36.35,3.67875,3.67875,3.67875,3.67875
728,36.4,3.67875,3.67875,3.67875,3.67875
729,36.45,3.67875,3.67875,3.67875,3.67875
730,36.5,3.67875,3.67875,3.67875,3.67875
731,36.550000000000004,3.67875,3.67875,3.67875,3.67875
732,36.6,3.67875,3.67875,3.67875,3.67875
733,36.65,3.67875,3.67875,3.67875,3.67875
734,36.7,3.67875,3.67875,3.67875,3.67875
735,36.75,3.67875,3.67875,3.67875,3.67875
736,36.800000000000004,3.67875,3.67875,3.67875,3.67875
737,36.85,3.67875,3.67875,3.67875,3.67875
738,36.9,3.67875,3.67875,3.67875,3.67875
739,36.95,3.67875,3.67875,3.67875,3.67875
740,37.0,3.67875,3.67875,3.67875,3.67875
741,37.050000000000004,3.67875,3.67875,3.67875,3.67875
742,37.1,3.67875,3.67875,3.67875,3.67875
743,37.15,3.67875,3.67875,3.67875,3.67875
744,37.2,3.67875,3.67875,3.67875,3.67875
745,37.25,3.67875,3.67875,3.67875,3.67875
746,37.300000000000004,3.67875,3.67875,3.67875,3.67875
747,37.35,3.67875,3.67875,3.67875,3.67875
748,37.4,3.67875,3.67875,3.67875,3.67875
749,37.45,3.67875,3.67875,3.67875,3.67875
750,37.5,3.67875,3.67875,3.67875,3.67875
751,37.550000000000004,3.67875,3.67875,3.67875,3.67875
752,37.6,3.67875,3.67875,3.67875,3.67875
753,37.65,3.67875,3.67875,3.67875,3.67875
754,37.7,3.67875,3.67875,3.67875,3.67875
755,37.75,3.67875,3.67875,3.67875,3.67875
756,37.800000000000004,3.67875,3.67875,3.67875,3.67875
757,37.85,3.67875,3.67875,3.67875,3.67875
758,37.9,3.67875,3.67875,3.67875,3.67875
759,37.95,3.67875,3.67875,3.67875,3.67875
760,38.0,3.67875,3.67875,3.67875,3.67875
761,38.050000000000004,3.67875,3.67875,3.67875,3.67875
762,38.1,3.67875,3.67875,3.67875,3.67875
763,38.15,3.67875,3.67875,3.67875,3.67875
764,38.2,3.67875,3.67875,3.67875,3.67875
765,38.25,3.67875,3.67875,3.67875,3.67875
766,38.300000000000004,3.67875,3.67875,3.67875,3.67875
767,38.35,3.67875,3.67875,3.67875,3.67875
768,38.400000000000006,3.67875,3.67875,3.67875,3.67875
769,38.45,3.67875,3.67875,3.67875,3.67875
770,38.5,3.67875,3.67875,3.67875,3.67875
771,38.550000000000004,3.67875,3.67875,3.67875,3.67875
772,38.6,3.67875,3.67875,3.67875,3.67875
773,38.650000000000006,3.67875,3.67875,3.67875,3.67875
774,38.7,3.67875,3.67875,3.67875,3.67875
775,38.75,3.67875,3.67875,3.67875,3.67875
776,38.800000000000004,3.67875,3.67875,3.67875,3.67875
777,38.85,3.67875,3.67875,3.67875,3.67875
778,38.900000000000006,3.67875,3.67875,3.67875,3.67875
779,38.95,3.67875,3.67875,3.67875,3.67875
780,39.0,3.67875,3.67875,3.67875,3.67875
781,39.050000000000004,3.67875,3.67875,3.67875,3.67875
782,39.1,3.67875,3.67875,3.67875,3.67875
783,39.150000000000006,3.67875,3.67875,3.67875,3.67875
784,39.2,3.67875,3.67875,3.67875,3.67875
785,39.25,3.67875,3.67875,3.67875,3.67875
786,39.300000000000004,3.67875,3.67875,3.67875,3.67875
787,39.35,3.67875,3.67875,3.67875,3.67875
788,39.400000000000006,3.67875,3.67875,3.67875,3.67875
789,39.45,3.67875,3.67875,3.67875,3.67875
790,39.5,3.67875,3.67875,3.67875,3.67875
791,39.550000000000004,3.67875,3.67875,3.67875,3.67875
792,39.6,3.67875,3.67875,3.67875,3.67875
793,39.650000000000006,3.67875,3.67875,3.67875,3.67875
794,39.7,3.67875,3.67875,3.67875,3.67875
795,39.75,3.67875,3.67875,3.67875,3.67875
796,39.800000000000004,3.67875,3.67875,3.67875,3.67875
797,39.85,3.67875,3.67875,3.67875,3.67875
798,39.900000000000006,3.67875,3.67875,3.67875,3.67875
799,39.95,3.67875,3.67875,3.67875,3.67875
800,40.0,3.67875,3.67875,3.67875,3.67875
801,40.050000000000004,3.67875,3.67875,3.67875,3.67875
802,40.1,3.67875,3.67875,3.67875,3.67875
803,40.150000000000006,3.67875,3.67875,3.67875,3.67875
804,40.2,3.67875,3.67875,3.67875,3.67875
805,40.25,3.67875,3.67875,3.67875,3.67875
806,40.300000000000004,3.67875,3.67875,3.67875,3.67875
807,40.35,3.67875,3.67875,3.67875,3.67875
808,40.400000000000006,3.67875,3.67875,3.67875,3.67875
809,40.45,3.67875,3.67875,3.67875,3.67875
810,40.5,3.67875,3.67875,3.67875,3.67875
811,40.550000000000004,3.67875,3.67875,3.67875,3.67875
812,40.6,3.67875,3.67875,3.67875,3.67875
813,40.650000000000006,3.67875,3.67875,3.67875,3.67875
814,40.7,3.67875,3.67875,3.67875,3.67875
815,40.75,3.67875,3.67875,3.67875,3.67875
816,40.800000000000004,3.67875,3.67875,3.67875,3.67875
817,40.85,3.67875,3.67875,3.67875,3.67875
818,40.900000000000006,3.67875,3.67875,3.67875,3.67875
819,40.95,3.67875,3.67875,3.67875,3.67875
820,41.0,3.67875,3.67875,3.67875,3.67875
821,41.050000000000004,3.67875,3.67875,3.67875,3.67875
822,41.1,3.67875,3.67875,3.67875,3.67875
823,41.150000000000006,3.67875,3.67875,3.67875,3.67875
824,41.2,3.67875,3.67875,3.67875,3.67875
825,41.25,3.67875,3.67875,3.67875,3.67875
826,41.300000000000004,3.67875,3.67875,3.67875,3.67875
827,41.35,3.67875,3.67875,3.67875,3.67875
828,41.400000000000006,3.67875,3.67875,3.67875,3.67875
829,41.45,3.67875,3.67875,3.67875,3.67875
830,41.5,3.67875,3.67875,3.67875,3.67875
831,41.550000000000004,3.67875,3.67875,3.67875,3.67875
832,41.6,3.67875,3.67875,3.67875,3.67875
833,41.650000000000006,3.67875,3.67875,3.67875,3.67875
834,41.7,3.67875,3.67875,3.67875,3.67875
835,41.75,3.67875,3.67875,3.67875,3.67875
836,41.800000000000004,3.67875,3.67875,3.67875,3.67875
837,41.85,3.67875,3.67875,3.67875,3.67875
838,41.900000000000006,3.67875,3.67875,3.67875,3.67875
839,41.95,3.67875,3.67875,3.67875,3.67875
840,42.0,3.67875,3.67875,3.67875,3.67875
841,42.050000000000004,3.67875,3.67875,3.67875,3.67875
842,42.1,3.67875,3.67875,3.67875,3.67875
843,42.150000000000006,3.67875,3.67875,3.67875,3.67875
844,42.2,3.67875,3.67875,3.67875,3.67875
845,42.25,3.67875,3.67875,3.67875,3.67875
846,42.300000000000004,3.67875,3.67875,3.67875,3.67875
847,42.35,3.67875,3.67875,3.67875,3.67875
848,42.400000000000006,3.67875,3.67875,3.67875,3.67875
849,42.45,3.67875,3.67875,3.67875,3.67875
850,42.5,3.67875,3.67875,3.67875,3.67875
851,42.550000000000004,3.67875,3.67875,3.67875,3.67875
852,42.6,3.67875,3.67875,3.67875,3.67875
853,42.650000000000006,3.67875,3.67875,3.67875,3.67875
854,42.7,3.67875,3.67875,3.67875,3.67875
855,42.75,3.67875,3.67875,3.67875,3.67875
856,42.800000000000004,3.67875,3.67875,3.67875,3.67875
857,42.85,3.67875,3.67875,3.67875,3.67875
858,42.900000000000006,3.67875,3.67875,3.67875,3.67875
859,42.95,3.67875,3.67875,3.67875,3.67875
860,43.0,3.67875,3.67875,3.67875,3.67875
861,43.050000000000004,3.67875,3.67875,3.67875,3.67875
862,43.1,3.67875,3.67875,3.67875,3.67875
863,43.150000000000006,3.67875,3.67875,3.67875,3.67875
864,43.2,3.67875,3.67875,3.67875,3.67875
865,43.25,3.67875,3.67875,3.67875,3.67875
866,43.300000000000004,3.67875,3.67875,3.67875,3.67875
867,43.35,3.67875,3.67875,3.67875,3.67875
868,43.400000000000006,3.67875,3.67875,3.67875,3.67875
869,43.45,3.67875,3.67875,3.67875,3.67875
870,43.5,3.67875,3.67875,3.67875,3.67875
871,43.550000000000004,3.67875,3.67875,3.67875,3.67875
872,43.6,3.67875,3.67875,3.67875,3.67875
873,43.650000000000006,3.67875,3.67875,3.67875,3.67875
874,43.7,3.67875,3.67875,3.67875,3.67875
875,43.75,3.67875,3.67875,3.67875,3.67875
876,43.800000000000004,3.67875,3.67875,3.67875,3.67875
877,43.85,3.67875,3.67875,3.67875,3.67875
878,43.900000000000006,3.67875,3.67875,3.67875,3.67875
879,43.95,3.67875,3.67875,3.67875,3.67875
880,44.0,3.67875,3.67875,3.67875,3.67875
881,44.050000000000004,3.67875,3.67875,3.67875,3.67875
882,44.1,3.67875,3.67875,3.67875,3.67875
883,44.150000000000006,3.67875,3.67875,3.67875,3.67875
884,44.2,3.67875,3.67875,3.67875,3.67875
885,44.25,3.67875,3.67875,3.67875,3.67875
886,44.300000000000004,3.67875,3.67875,3.67875,3.67875
887,44.35,3.67875,3.67875,3.67875,3.67875
888,44.400000000000006,3.67875,3.67875,3.67875,3.67875
889,44.45,3.67875,3.67875,3.67875,3.67875
890,44.5,3.67875,3.67875,3.67875,3.67875
891,44.550000000000004,3.67875,3.67875,3.67875,3.67875
892,44.6,3.67875,3.67875,3.67875,3.67875
893,44.650000000000006,3.67875,3.67875,3.67875,3.67875
894,44.7,3.67875,3.67875,3.67875,3.67875
895,44.75,3.67875,3.67875,3.67875,3.67875
896,44.800000000000004,3.67875,3.67875,3.67875,3.67875
897,44.85,3.67875,3.67875,3.67875,3.67875
898,44.900000000000006,3.67875,3.67875,3.67875,3.67875
899,44.95,3.67875,3.67875,3.67875,3.67875
900,45.0,3.67875,3.67875,3.67875,3.67875
901,45.050000000000004,3.67875,3.67875,3.67875,3.67875
902,45.1,3.67875,3.67875,3.67875,3.67875
903,45.150000000000006,3.67875,3.67875,3.67875,3.67875
904,45.2,3.67875,3.67875,3.67875,3.67875
905,45.25,3.67875,3.67875,3.67875,3.67875
906,45.300000000000004,3.67875,3.67875,3.67875,3.67875
907,45.35,3.67875,3.67875,3.67875,3.67875
908,45.400000000000006,3.67875,3.67875,3.67875,3.67875
909,45.45,3.67875,3.67875,3.67875,3.67875
910,45.5,3.67875,3.67875,3.67875,3.67875
911,45.550000000000004,3.67875,3.67875,3.67875,3.67875
912,45.6,3.67875,3.67875,3.67875,3.67875
913,45.650000000000006,3.67875,3.67875,3.67875,3.67875
914,45.7,3.67875,3.67875,3.67875,3.67875
915,45.75,3.67875,3.67875,3.67875,3.67875
916,45.800000000000004,3.67875,3.67875,3.67875,3.67875
917,45.85,3.67875,3.67875,3.67875,3.67875
918,45.900000000000006,3.67875,3.67875,3.67875,3.67875
919,45.95,3.67875,3.67875,3.67875,3.67875
920,46.0,3.67875,3.67875,3.67875,3.67875
921,46.050000000000004,3.67875,3.67875,3.67875,3.67875
922,46.1,3.67875,3.67875,3.67875,3.67875
923,46.150000000000006,3.67875,3.67875,3.67875,3.67875
924,46.2,3.67875,3.67875,3.67875,3.67875
925,46.25,3.67875,3.67875,3.67875,3.67875
926,46.300000000000004,3.67875,3.67875,3.67875,3.67875
927,46.35,3.67875,3.67875,3.67875,3.67875
928,46.400000000000006,3.67875,3.67875,3.67875,3.67875
929,46.45,3.67875,3.67875,3.67875,3.67875
930,46.5,3.67875,3.67875,3.67875,3.67875
931,46.550000000000004,3.67875,3.67875,3.67875,3.67875
932,46.6,3.67875,3.67875,3.67875,3.67875
933,46.650000000000006,3.67875,3.67875,3.67875,3.67875
934,46.7,3.67875,3.67875,3.67875,3.67875
935,46.75,3.67875,3.67875,3.67875,3.67875
936,46.800000000000004,3.67875,3.67875,3.67875,3.67875
937,46.85,3.67875,3.67875,3.67875,3.67875
938,46.900000000000006,3.67875,3.67875,3.67875,3.67875
939,46.95,3.67875,3.67875,3.67875,3.67875
940,47.0,3.67875,3.67875,3.67875,3.67875
941,47.050000000000004,3.67875,3.67875,3.67875,3.67875
942,47.1,3.67875,3.67875,3.67875,3.67875
943,47.150000000000006,3.67875,3.67875,3.67875,3.67875
944,47.2,3.67875,3.67875,3.67875,3.67875
945,47.25,3.67875,3.67875,3.67875,3.67875
946,47.300000000000004,3.67875,3.67875,3.67875,3.67875
947,47.35,3.67875,3.67875,3.67875,3.67875
948,47.400000000000006,3.67875,3.67875,3.67875,3.67875
949,47.45,3.67875,3.67875,3.67875,3.67875
950,47.5,3.67875,3.67875,3.67875,3.67875
951,47.550000000000004,3.67875,3.67875,3.67875,3.67875
952,47.6,3.67875,3.67875,3.67875,3.67875
953,47.650000000000006,3.67875,3.67875,3.67875,3.67875
954,47.7,3.67875,3.67875,3.67875,3.67875
955,47.75,3.67875,3.67875,3.67875,3.67875
956,47.800000000000004,3.67875,3.67875,3.67875,3.67875
957,47.85,3.67875,3.67875,3.67875,3.67875
958,47.900000000000006,3.67875,3.67875,3.67875,3.67875
959,47.95,3.67875,3.67875,3.67875,3.67875
960,48.0,3.67875,3.67875,3.67875,3.67875
961,48.050000000000004,3.67875,3.67875,3.67875,3.67875
962,48.1,3.67875,3.67875,3.67875,3.67875
963,48.150000000000006,3.67875,3.67875,3.67875,3.67875
964,48.2,3.67875,3.67875,3.67875,3.67875
965,48.25,3.67875,3.67875,3.67875,3.67875
966,48.300000000000004,3.67875,3.67875,3.67875,3.67875
967,48.35,3.67875,3.67875,3.67875,3.67875
968,48.400000000000006,3.67875,3.67875,3.67875,3.67875
969,48.45,3.67875,3.67875,3.67875,3.67875
970,48.5,3.67875,3.67875,3.67875,3.67875
971,48.550000000000004,3.67875,3.67875,3.67875,3.67875
972,48.6,3.67875,3.67875,3.67875,3.67875
973,48.650000000000006,3.67875,3.67875,3.67875,3.67875
974,48.7,3.67875,3.67875,3.67875,3.67875
975,48.75,3.67875,3.67875,3.67875,3.67875
976,48.800000000000004,3.67875,3.67875,3.67875,3.67875
977,48.85,3.67875,3.67875,3.67875,3.67875
978,48.900000000000006,3.67875,3.67875,3.67875,3.67875
979,48.95,3.67875,3.67875,3.67875,3.67875
980,49.0,3.67875,3.67875,3.67875,3.67875
981,49.050000000000004,3.67875,3.67875,3.67875,3.67875
982,49.1,3.67875,3.67875,3.67875,3.67875
983,49.150000000000006,3.67875,3.67875,3.67875,3.67875
984,49.2,3.67875,3.67875,3.67875,3.67875
985,49.25,3.67875,3.67875,3.67875,3.67875
986,49.300000000000004,3.67875,3.67875,3.67875,3.67875
987,49.35,3.67875,3.67875,3.67875,3.67875
988,49.400000000000006,3.67875,3.67875,3.67875,3.67875
989,49.45,3.67875,3.67875,3.67875,3.67875
990,49.5,3.67875,3.67875,3.67875,3.67875
991,49.550000000000004,3.67875,3.67875,3.67875,3.67875
992,49.6,3.67875,3.67875,3.67875,3.67875
993,49.650000000000006,3.67875,3.67875,3.67875,3.67875
994,49.7,3.67875,3.67875,3.67875,3.67875
995,49.75,3.67875,3.67875,3.67875,3.67875
996,49.800000000000004,3.67875,3.67875,3.67875,3.67875
997,49.85,3.67875,3.67875,3.67875,3.67875
998,49.900000000000006,3.67875,3.67875,3.67875,3.67875
999,49.95,3.67875,3.67875,3.67875,3.67875
1000,50.0,0.0,0.0,0.0,0.0
